"Rsoil","Dim.1"
"1",3.449,0.491821048374013
"2",3.506828571,0.517416210460744
"3",3.405342857,0.570413188932688
"4",3.369705882,0.548498628198692
"5",3.484971429,0.539032989584854
"6",3.389942857,0.529806862414848
"7",3.284514286,0.554811773074639
"8",3.362882353,0.550447290864064
"9",3.281285714,0.560742137337992
"10",3.248142857,0.63307948031179
"11",3.333617647,0.646559861443896
"12",3.403371429,0.639523751958491
"13",3.315913043,0.292028834094194
"14",3.245478261,0.647680343720725
"15",3.175043478,0.663277751806502
"16",3.428742857,0.664295922638518
"17",3.484,0.665881570019375
"18",3.4432,0.653285989502252
"19",3.493257143,0.668875627570728
"20",3.616705882,0.67976432462274
"21",3.529914286,0.691418774089747
"22",3.056771429,0.687404915429216
"23",3.297857143,0.698425276187626
"24",3.452647059,0.701696821810436
"25",3.393285714,0.714866528162218
"26",3.415823529,0.4718338184508
"27",3.508942857,0.653851713412721
"28",3.424428571,0.645109073198387
"29",3.359852941,0.635706867236003
"30",3.535441176,0.623682332954024
"31",3.431114286,0.675868630078045
"32",3.3642,0.673126287266367
"33",3.453,0.683279132989494
"34",3.511342857,0.690977028654555
"35",3.364058824,0.716142220286363
"36",3.151057143,0.682424500149286
"37",3.136485714,0.708841478992773
"38",3.121914286,0.529585755898278
"39",3.269352941,0.538488912383924
"40",3.424571429,0.743327072976248
"41",3.530428571,0.707180669023259
"42",3.488117647,0.76694851023469
"43",3.2652,0.815081287426076
"44",3.247485714,0.788493723699715
"45",3.412057143,0.786593471746374
"46",3.449294118,0.762422590665931
"47",3.487314286,0.620784189795231
"48",3.661,0.737380050611758
"49",3.814257143,0.731991413084988
"50",3.826485714,0.789010492647563
"51",3.876323529,0.749920776409988
"52",3.919558824,0.82600553960551
"53",3.718,0.863720420242076
"54",3.833714286,0.852581961179673
"55",3.498617647,0.863120629221583
"56",3.394285714,0.724638972806494
"57",3.769428571,0.708389628925705
"58",3.954029412,0.870596795413536
"59",3.785428571,0.868973288334889
"60",3.768285714,0.722717638848374
"61",3.640768551,0.731664415407369
"62",3.496270725,0.685773956182547
"63",3.412621629,0.730257940468463
"64",3.477547235,0.727700255968134
"65",3.600692257,0.71756687222352
"66",3.480299771,0.87091203367603
"67",3.515497486,0.680142319608278
"68",3.597496588,0.878173771400155
"69",3.457501457,0.887755851063102
"70",3.459545824,0.890254785463468
"71",3.416114571,0.881957116475555
"72",3.332183429,0.870253720952006
"73",3.436927,0.876943723509856
"74",3.297836,0.89462159112074
"75",3.478586,0.870937572042627
"76",3.111873314,0.876453779222703
"77",3.509129147,0.8477953723444
"78",3.888408771,0.800877308599295
"79",3.860592771,0.853717396275176
"80",3.732128206,0.753920403197661
"81",3.825978429,0.70702551594665
"82",3.779512714,0.790542876575348
"83",3.625061824,0.835747566111322
"84",3.602566371,0.802620204435795
"85",3.641400257,0.765027018012712
"86",3.779423765,0.73934925172097
"87",3.791555429,0.780294653681186
"88",3.442159714,0.84166000593104
"89",3.502884,0.869286455562229
"90",3.962963118,0.844309167301583
"91",3.818255514,0.832243306141735
"92",3.0506246,0.677517163856178
"93",2.586012529,0.242645835766511
"94",2.524099971,0.00432031774842934
"95",2.370983529,-0.33473113947745
"96",2.226606886,-1.33958349524114
"97",2.145625743,-1.31210859208081
"98",2.2972982,-1.24575960859165
"99",2.288319441,-1.2081828056033
"100",2.462421029,-1.10752813292402
"101",2.556358,-0.981002228365992
"102",2.440959029,-0.886273230176771
"103",2.457568571,-0.860274441306982
"104",2.677892,-0.78351601527429
"105",2.622190824,-0.738396452309624
"106",2.5277628,-0.591491657737953
"107",2.641653,-0.647207228218533
"108",2.746771824,-0.712795440884019
"109",2.792120686,-0.691976458108999
"110",2.8798574,-0.483113576804948
"111",2.963415765,-0.429132668047386
"112",2.988477235,-0.398684139597515
"113",2.9314872,-0.577302623789484
"114",2.958293629,-0.513589455541142
"115",2.943663647,-0.488040482075671
"116",2.8718312,-0.288755337077081
"117",2.815495559,-0.268745886792314
"118",2.829584286,-0.25992382577688
"119",2.863174,-0.236947385377279
"120",3.050185429,-0.21613997937986
"121",3.142344441,-0.216874154647672
"122",3.0425484,-0.162283151345125
"123",3.021246971,-0.179606410933873
"124",3.016600118,-0.208512134783778
"125",2.9084398,-0.197713812629356
"126",3.112582371,-0.254077541033925
"127",3.162552943,-0.216055207329043
"128",3.230535441,-0.258388840635012
"129",3.5699874,-0.193193266108485
"130",3.592485,-0.2068866571287
"131",3.4871106,-0.147744580060693
"132",3.497069057,-0.160555226460791
"133",3.404047941,-0.169962518962794
"134",3.286275,-0.269648424309878
"135",3.220473,-0.226602566574754
"136",3.427212429,-0.0718122128229805
"137",3.362852059,-0.0703646844580356
"138",3.244246343,-0.228708722102534
"139",3.3136535,0.00568081642096351
"140",3.5223604,0.017828472892241
"141",3.653118743,0.0687897961600204
"142",3.675989886,0.159908406863434
"143",3.775152206,0.176941171138791
"144",3.632224086,0.064108448124498
"145",3.514212314,0.0732744930249772
"146",3.444023706,0.103625362106649
"147",3.342287857,0.134489324409299
"148",3.249674714,0.157235558684164
"149",3.305547571,0.165414912588895
"150",3.249354559,0.163911125835439
"151",3.211682143,0.176499254820019
"152",3.275485824,0.161386101632177
"153",3.251464286,0.0204888093100287
"154",3.183644971,0.1677332484266
"155",3.239985824,-0.0191109113839101
"156",3.269126229,0.182451696589818
"157",3.266084657,0.0473261684566244
"158",3.263043086,0.178236043936227
"159",3.248150059,0.173868669274912
"160",3.146842771,0.175492215439822
"161",3.103103457,0.19278300740508
"162",3.187837706,-0.0288166047380235
"163",3.228344514,0.0244703138568554
"164",3.310023371,0.207251670644838
"165",3.286014824,0.225548157226761
"166",3.134232429,0.247628453036384
"167",3.059200714,0.268268179879231
"168",3.152641059,0.16012614042074
"169",3.353223886,0.21085512527162
"170",3.470218571,0.190717298656387
"171",3.332779588,-0.484335009042275
"172",3.400897235,-0.144344860044305
"173",3.508400486,-0.0611834700613814
"174",3.392850588,0.205137695715586
"175",3.4247612,0.236429604094558
"176",3.499713486,0.187876211490819
"177",3.452826588,0.223855445344398
"178",3.450712943,0.286764023656475
"179",3.336907514,0.282370221696098
"180",3.335550829,0.285643820895378
"181",3.196894529,0.284383133956692
"182",3.146489857,0.0896958681590437
"183",3.255072286,0.202279560417405
"184",3.401101765,0.355049878786463
"185",3.385440343,0.372477909609646
"186",3.219137588,0.256138917127212
"187",3.574415235,0.304049284639601
"188",3.587962686,0.301265587037039
"189",3.614612171,0.3284523543417
"190",3.4602655,0.541696302863824
"191",3.2874852,0.368494906596683
"192",3.321098857,0.461948669811783
"193",3.422054265,0.377357117616487
"194",3.363526912,0.390585619731233
"195",3.259254886,0.380646894219113
"196",3.276775743,0.375864275555067
"197",3.126403706,0.378682274728113
"198",3.125089429,0.364908761446744
"199",3.276713824,0.342818126655411
"200",3.224272371,0.310418510991583
"201",3.242331143,0.316789050883083
"202",3.183595429,0.360224139461502
"203",3.450331647,0.364054828144779
"204",3.313461314,0.391471749189794
"205",3.261634638,0.400351764374233
"206",3.400998116,0.198965107107973
"207",3.537631143,0.395579331160644
"208",3.636283647,0.193382090039062
"209",3.460690118,0.400956588983733
"210",3.397681314,0.386533158282407
"211",3.4012544,0.393669912248681
"212",3.344392647,0.23551203325288
"213",3.262418,0.234750078054196
"214",3.166506286,0.229915281913762
"215",3.019975529,0.397841457216528
"216",2.951646229,0.285460772445301
"217",2.953483086,0.428164379784117
"218",3.101640514,0.438533123349806
"219",3.324719206,0.409872254728829
"220",3.397159829,0.429218799781158
"221",3.320267176,0.425546135144905
"222",3.2642232,0.459643728816893
"223",3.299586,0.414165989108764
"224",3.011856,0.424630073553013
"225",3.321781882,0.394506904387769
"226",3.430521229,0.42817671368831
"227",3.343284029,0.452108239069402
"228",3.298464,0.458025492383224
"229",3.441220857,0.331330921725655
"230",3.590095857,0.315769788170233
"231",3.271843,0.315887848541489
"232",3.517028588,0.470628378997399
"233",3.528892514,0.447665041894528
"234",3.520506382,0.439108522943572
"235",3.434062543,0.470542408839288
"236",3.327564086,0.517074815088154
"237",3.333534382,0.53256353789778
"238",3.457340971,0.549561229137009
"239",3.301420686,0.544575850324898
"240",3.2504724,0.529685430460546
"241",3.188171353,0.560557837736216
"242",3.368534743,0.512569015906428
"243",3.455735647,0.498333950993095
"244",3.333488571,0.546425063504086
"245",3.344711429,0.531966099903746
"246",3.40949,0.553529924908619
"247",3.375700294,0.537215830030863
"248",3.250789743,0.354611393330058
"249",3.2723186,0.600288088541936
"250",3.293850412,0.425088112960784
"251",3.2557736,0.423253874240852
"252",3.2014872,0.450889936006957
"253",3.100744783,0.449631446568987
"254",3.133936522,0.64177547950559
"255",3.167128261,0.644693742342167
"256",3.152450706,0.438688707753916
"257",3.217200429,0.674268506980939
"258",3.237421,0.471060990767767
"259",3.169063971,0.476005063411026
"260",3.14393,0.486804527690687
"261",3.04901,0.711765935239142
"262",3.096063714,0.743989269351938
"263",3.015411147,0.750515942045335
"264",3.0272246,0.743755585714102
"265",3.073240029,0.484687946859191
"266",3.106252794,0.558105786585938
"267",3.1700744,0.700966939261509
"268",3.322644882,0.704758200478387
"269",3.405638118,0.6714266907381
"270",3.2746566,0.673580755399122
"271",3.199085286,0.681768628315967
"272",3.335878353,0.723237865771429
"273",3.5105472,0.72324163451982
"274",3.458894571,0.729474151244874
"275",3.167167882,0.750301221792705
"276",3.198652,0.71138021304036
"277",3.588325429,0.706046647076575
"278",3.568834971,0.710281661672462
"279",3.630595,0.582087701707422
"280",3.665346829,0.564884944668783
"281",3.619566971,0.72220579326809
"282",3.637892,0.753745850633103
"283",3.743951143,0.695967005630436
"284",2.467678286,-0.674206143950929
"285",1.892209941,-2.55131873121531
"286",1.876156286,-1.77368417191108
"287",2.177870914,-1.1949449305516
"288",2.419058088,-1.05082923063518
"289",2.421575771,-0.940866202083961
"290",2.412902941,-0.838512399452846
"291",2.48707,-0.746553715629446
"292",2.688748,-0.68431917868459
"293",2.478183143,-0.622816996065547
"294",2.472671412,-0.574089661059619
"295",2.469329286,-0.534035109936996
"296",2.251868371,-0.542453116787405
"297",1.982106824,-0.765925933476101
"298",2.117201371,-0.920230731538841
"299",2.120911943,-1.02270423978376
"300",2.202758971,-1.13970327173137
"301",2.29426113,-0.712072925757794
"302",2.386117217,-0.542527170990292
"303",2.414797294,-0.664302544303467
"304",2.425491286,-0.471103569209964
"305",2.562923743,-0.437691495267969
"306",2.543954314,-0.417711939443494
"307",2.552508176,-0.423559657262022
"308",2.631938429,-0.395344176231797
"309",2.701959857,-0.381687926209027
"310",2.778810529,-0.41726427728786
"311",2.755638314,-0.293609334204535
"312",2.560133941,-0.228753252405007
"313",2.504409114,-0.467697594460697
"314",2.589250829,-0.231201231739188
"315",2.730648286,-0.217376411876792
"316",2.805704941,-0.216490347613104
"317",2.865443371,-0.21198814464653
"318",2.936255029,-0.212185367812257
"319",2.993939529,-0.200239138523859
"320",3.015178657,-0.184622797604894
"321",3.120176086,-0.187256870108774
"322",2.997904657,-0.197537598415572
"323",3.173081353,-0.170885551912317
"324",3.250112857,-0.129330501965137
"325",3.254317294,-0.213084768773789
"326",3.269950857,-0.22085812848978
"327",3.286770571,-0.221048305090724
"328",3.326969235,-0.23098287755145
"329",3.311076294,-0.191232765585546
"330",3.334102514,-0.262234417925344
"331",3.316954,-0.667585164174966
"332",3.214586,-0.337134506741946
"333",3.195685057,-0.174057778279505
"334",3.355321057,-0.213068095339461
"335",3.484142971,-0.139960776877956
"336",3.326982676,-0.132092860970817
"337",3.422209943,-0.0998882456396499
"338",3.44332,-0.136270891563799
"339",3.441090429,-0.120617695730802
"340",3.413709,-0.100252780361079
"341",3.293444118,-0.057211277831418
"342",3.107709943,-0.0539596991500813
"343",3.206579429,-0.00656580792448128
"344",3.134052286,0.00447187405299083
"345",3.077410706,-0.00320769606873434
"346",3.114317314,-0.176591388981398
"347",3.225341,-0.146886523116924
"348",3.338094057,0.0215127152733282
"349",3.37882371,0.00717108347561245
"350",3.327987623,0.0432298894474614
"351",3.277151536,-0.144965973613323
"352",3.411904486,0.073932291328925
"353",3.423542086,0.0707469393996421
"354",3.368932676,0.0788679916823106
"355",3.362592857,-0.0715457773659136
"356",3.413635714,0.107833373062404
"357",3.439947059,0.124603960980096
"358",3.446297314,-0.131764875726801
"359",3.416336743,0.101532279755735
"360",3.222492294,0.123700983195167
"361",3.168430486,0.112360612711038
"362",3.298367,0.107971874220326
"363",3.484959588,0.10742496984903
"364",3.562053886,0.125601219651206
"365",3.495144629,0.120811629177023
"366",3.425320914,0.0731912901369169
"367",NA,0.0380536889913226
"368",NA,0.0716347437074184
"369",NA,0.145512683933214
"370",NA,0.172392957849047
"371",NA,0.110285084755012
"372",NA,0.140904175070242
"373",NA,0.11142426516138
"374",NA,0.172145935236464
"375",NA,0.224872040278421
"376",NA,0.120727772283448
"377",NA,0.282589810045307
"378",NA,0.348267536194954
"379",NA,0.317553302694236
"380",NA,0.351270843211193
"381",NA,0.160291140444682
"382",NA,0.364118670971047
"383",NA,0.3376072990497
"384",NA,0.334590822031777
"385",NA,0.219237299552222
"386",NA,0.252614321019854
"387",NA,-0.142909682815512
"388",NA,0.199026467440192
"389",NA,0.302587693751799
"390",NA,0.319767301154906
"391",NA,0.286797391794092
"392",NA,0.127525412290735
"393",NA,-0.0197801144844637
"394",NA,-0.17533232778408
"395",NA,0.0575506377841831
"396",NA,-0.0311821490003375
"397",NA,0.195406097322827
"398",NA,0.200973088395911
"399",NA,0.333376773607718
"400",NA,0.35066276613693
"401",NA,0.362820498853443
"402",NA,0.181099150590387
"403",NA,0.399992481925469
"404",NA,0.172506619904737
"405",NA,0.174988757111881
"406",NA,0.217389466763257
"407",NA,0.383442174463405
"408",NA,0.403251756735409
"409",NA,0.269388494752879
"410",NA,0.3047657114798
"411",NA,0.400353461713088
"412",NA,0.435203629533781
"413",NA,0.367876918193837
"414",NA,0.388279137574724
"415",NA,0.387466739029953
"416",NA,0.499412050290238
"417",NA,0.532394233721711
"418",NA,0.570290262390387
"419",NA,0.543939303443537
"420",NA,0.430022243390726
"421",NA,0.563384827278171
"422",NA,0.422280755000395
"423",NA,0.518166774987756
"424",NA,0.549952910745988
"425",NA,0.574896076318447
"426",NA,0.544666222974314
"427",NA,0.602046808058652
"428",NA,0.609249378172196
"429",NA,0.591234037352981
"430",NA,0.581886364834617
"431",NA,0.599895969794236
"432",NA,0.466863347054223
"433",NA,0.577595929778336
"434",NA,0.498508595763032
"435",NA,0.387800480786441
"436",NA,0.412965956761609
"437",NA,0.508378543641407
"438",NA,0.359375612546698
"439",NA,0.369316279641383
"440",NA,0.523525185964446
"441",NA,0.427142268332381
"442",NA,0.449088033726773
"443",NA,0.566267801591998
"444",NA,0.547961190666109
"445",NA,0.456959294361811
"446",NA,0.451731232140326
"447",NA,0.563435307938201
"448",NA,0.56081253130629
"449",NA,0.581681654679994
"450",NA,0.542379801547035
"451",NA,0.565810226953083
"452",NA,0.57086371027806
"453",NA,0.576953961683763
"454",NA,0.5764431107311
"455",NA,0.58226031862927
"456",NA,0.594753677269382
"457",NA,0.586726427506609
"458",NA,0.603702856692566
"459",NA,0.601126098621625
"460",NA,0.572603330439606
"461",NA,0.571172123609928
"462",NA,0.667960470246138
"463",NA,0.677705384099073
"464",NA,0.613958370663789
"465",NA,0.633103227186487
"466",NA,0.627351613747357
"467",NA,0.642195728842249
"468",NA,0.643058021950036
"469",NA,0.500095153367516
"470",NA,0.678500253666033
"471",NA,0.554529599226423
"472",NA,0.601934067031901
"473",NA,0.655629829407443
"474",NA,0.716115357800631
"475",NA,0.931423219692646
"476",NA,0.71383850127421
"477",NA,0.697515468529321
"478",NA,0.723479205655928
"479",NA,0.665824536171414
"480",NA,0.581539120102464
"481",NA,-1.23784476658963
"482",NA,-1.99935106945773
"483",NA,-1.68977887667462
"484",NA,-1.85199080449261
"485",NA,-1.86704994590305
"486",NA,-1.8270123587547
"487",NA,-1.38040688483175
"488",NA,-1.15606299789722
"489",NA,-1.07760795007617
"490",NA,-0.933278915465947
"491",NA,-0.970718182188842
"492",NA,-0.906561327407312
"493",NA,-0.727000102398243
"494",NA,-0.825166387564124
"495",NA,-0.617614833767473
"496",NA,-0.586575601174379
"497",NA,-0.538575161185798
"498",NA,-0.64334222034886
"499",NA,-0.482941351665788
"500",NA,-0.444661752792212
"501",NA,-0.443437086235787
"502",NA,-0.560263548775696
"503",NA,-0.413152496709836
"504",NA,-0.546351631893584
"505",NA,-0.368617252835767
"506",NA,-0.345728301023549
"507",NA,-0.43504142724
"508",NA,-0.428850749539487
"509",NA,-0.430386058072449
"510",NA,-0.411146144432898
"511",NA,-0.373468106204677
"512",NA,-0.32896450675852
"513",NA,-0.363442702445115
"514",NA,-0.330055663197986
"515",NA,-0.288317537427626
"516",NA,-0.371484177427693
"517",NA,-0.358990237758042
"518",NA,-0.205849489486576
"519",NA,-0.308754280540642
"520",NA,-0.339402012072561
"521",NA,-0.21097894596314
"522",NA,-0.211847138885961
"523",NA,-0.326320842536095
"524",NA,-0.660919075505654
"525",NA,-1.43026943291481
"526",NA,-1.30888591285855
"527",NA,-1.52914791312964
"528",NA,-1.32405340685876
"529",NA,-1.25104939187601
"530",NA,-1.11695640834239
"531",NA,-1.46182582295412
"532",NA,-1.32361853026484
"533",NA,-0.796409186236497
"534",NA,-0.76121152822722
"535",NA,-0.685645142305374
"536",NA,-0.758530623628648
"537",NA,-0.872334440248522
"538",NA,-0.822871754696887
"539",NA,-0.690136436449777
"540",NA,-0.678430990306583
"541",NA,-0.63153977756688
"542",NA,-0.659675535828551
"543",NA,-0.62306155996687
"544",NA,-0.732957560771914
"545",NA,-0.693421167815492
"546",NA,-0.596549109734974
"547",NA,-0.421576295507687
"548",NA,-0.384514750480641
"549",NA,-0.372116720413908
"550",NA,-0.369752511980451
"551",NA,-0.550804876599942
"552",NA,-0.343110789681429
"553",NA,-0.315140599717088
"554",NA,-0.294260854420101
"555",NA,-0.307437676512668
"556",NA,-0.302445276754424
"557",NA,-0.274826178363737
"558",NA,-0.250932008878678
"559",NA,-0.253449476356967
"560",NA,-0.183510771750854
"561",NA,-0.221228338871087
"562",NA,-0.176454811932725
"563",NA,-0.141422752559135
"564",NA,-0.153788244468385
"565",NA,-0.150155075322324
"566",NA,-0.270116199984669
"567",NA,-0.0805271934494617
"568",NA,-0.0723217042409805
"569",NA,-0.0348134941987711
"570",NA,-0.0238872052787597
"571",NA,-0.0173788727070111
"572",NA,0.00705726167315117
"573",NA,-0.126263079268874
"574",NA,-0.0838726094248672
"575",NA,-0.0405381536479763
"576",NA,0.0164595872418167
"577",NA,-0.0378497892102228
"578",NA,-0.224523397555381
"579",NA,-0.382638232905065
"580",NA,-0.391418990702088
"581",NA,-0.425365505630517
"582",NA,-0.46548347360159
"583",NA,-0.564952139814745
"584",NA,-0.395121920085117
"585",NA,-0.41883421614049
"586",NA,-0.466943779281052
"587",NA,-0.337350540907629
"588",NA,-0.427472430363567
"589",NA,-0.40840218722513
"590",NA,-0.329600016447468
"591",NA,-0.274810137676467
"592",NA,-0.270338705455861
"593",NA,-0.429163690212337
"594",NA,-0.21028253600369
"595",NA,-0.220998379866134
"596",NA,-0.203519748641787
"597",NA,-0.193462202861
"598",NA,-0.365983026803871
"599",NA,-0.335476441412556
"600",NA,-0.16095315484358
"601",NA,-0.137053524528299
"602",NA,-0.288552293296643
"603",NA,-0.203918128039086
"604",NA,-0.210616193668309
"605",NA,-0.119873322361338
"606",NA,-0.0713262635985358
"607",NA,-0.10754445012821
"608",NA,-0.00481287266268279
"609",NA,-0.164887002585774
"610",NA,-0.0306601176217036
"611",NA,-0.0623093976100315
"612",NA,-0.0161004183442754
"613",NA,-0.00387550670113181
"614",NA,-0.0498905700386566
"615",NA,-0.150277991421502
"616",NA,0.0202448362456724
"617",NA,0.0493069897750959
"618",NA,0.0789459946595271
"619",NA,0.101981654346799
"620",NA,0.160596621424643
"621",NA,0.162034428766362
"622",NA,0.184559584605479
"623",NA,0.161011866168895
"624",NA,0.160745872271452
"625",NA,0.150976223221042
"626",NA,0.0839469205738261
"627",NA,0.126790184394163
"628",NA,0.134126308713772
"629",NA,0.14356953990917
"630",NA,0.148888802487007
"631",NA,-0.114774300242093
"632",NA,0.149030641308387
"633",NA,0.15874700726549
"634",NA,-0.0923262786947545
"635",NA,-0.034484406856959
"636",NA,0.155208258167489
"637",NA,0.0533588724820278
"638",NA,0.037816162279821
"639",NA,0.177233766141287
"640",NA,0.204968549986501
"641",NA,-0.0191908008645358
"642",NA,0.224132114371701
"643",NA,0.232248019072678
"644",NA,0.0404165781043076
"645",NA,0.247867333658777
"646",NA,0.0746707567951717
"647",NA,0.0725382864666889
"648",NA,0.0600255511202712
"649",NA,0.245125659452132
"650",NA,0.284905723108522
"651",NA,0.274002278213693
"652",NA,0.20780166439536
"653",NA,0.252312030575338
"654",NA,0.275351752207578
"655",NA,0.244703087828069
"656",NA,0.248030947687792
"657",NA,0.305945716450945
"658",NA,0.330325914257183
"659",NA,0.317806695787883
"660",NA,0.320517618210516
"661",NA,0.307577726720895
"662",NA,0.359812866348474
"663",NA,0.34627677394977
"664",NA,0.262973288634823
"665",NA,0.323254873453941
"666",3.674008588,0.47197915185366
"667",3.597510343,0.475175011458176
"668",3.886083771,0.489582293023092
"669",3.6384756,0.472003460166453
"670",3.7375825,0.478818440809342
"671",3.550046657,0.443578147436498
"672",3.461090824,0.444686686554835
"673",3.545322571,0.456580798168657
"674",3.293638714,0.383747241043052
"675",3.429027,0.424092272823427
"676",3.241827882,-0.249625988078883
"677",3.543977714,0.161986910327117
"678",3.340882529,0.298274603824209
"679",3.311421086,0.302315413550257
"680",3.3585396,0.461321027401095
"681",3.153436853,0.406235984976947
"682",3.3069228,0.498545042565876
"683",3.2141508,0.343397271776817
"684",3.306752471,0.1974379942905
"685",3.366831171,0.533920022320679
"686",3.415468886,0.575574187603665
"687",3.503448765,0.562981018964751
"688",3.584902429,0.554887202198229
"689",3.539954382,0.575540290874948
"690",3.364249714,0.587480535613459
"691",2.793131143,0.459513284156688
"692",3.067808171,0.464157012443226
"693",3.370591029,0.462819882033219
"694",3.231279171,0.462707515340805
"695",3.742079118,0.660077351933807
"696",5.001356143,0.677622204426044
"697",4.4778792,0.66581316417927
"698",4.8299112,0.661711121613563
"699",5.371721765,0.628987228538006
"700",4.680152714,0.619407879679834
"701",4.683640618,0.66488087056965
"702",4.951857571,0.635007774562622
"703",4.859166714,0.624778870889893
"704",4.809368206,0.616345333531212
"705",5.338546571,0.620808479756521
"706",4.038843714,0.559613576362623
"707",4.958905824,0.655341405279092
"708",4.860531971,0.649253673594816
"709",4.938783943,0.661649414033575
"710",5.165840118,0.649577332962463
"711",4.739801429,0.67746967426079
"712",4.170762588,0.703584942682814
"713",4.949458471,0.738929811698007
"714",4.7583152,0.645175618842613
"715",4.6932908,0.64053349490487
"716",4.873743618,0.763437408525645
"717",4.934282571,0.733754228504656
"718",4.882157941,0.744173762868009
"719",5.041182314,0.77038825700554
"720",5.017988857,0.695381850664527
"721",4.512814571,0.688840026394988
"722",4.096304,0.73415957231363
"723",4.432287657,0.74255586763675
"724",4.703536,0.615423950140568
"725",4.654141571,0.780348354645481
"726",4.618890543,0.806338526296873
"727",4.846371412,0.807696735341729
"728",4.962545529,0.852128224903832
"729",4.560329343,0.880946344464914
"730",4.385583235,0.893788895145839
"731",4.331538857,0.91276379093869
"732",4.466865857,0.900408452365773
"733",4.631595754,0.909265248743289
"734",4.535754014,0.912471265202048
"735",4.4452005,0.92331906896272
"736",4.5080055,0.914279159523146
"737",4.450967143,0.743167287210117
"738",4.437161029,0.928486412691392
"739",4.4255315,0.933226014514901
"740",4.245446857,0.76043999133906
"741",3.991968471,0.900188282051968
"742",4.015063686,0.911474267232126
"743",3.538818829,0.912508044649896
"744",3.957035886,0.891081706671757
"745",4.197609647,0.914788553261063
"746",4.145230429,0.891620378265374
"747",4.1291155,0.791341121539446
"748",4.0700888,0.832872389308576
"749",3.855453029,0.813481449765833
"750",4.376088118,0.839935870589071
"751",4.279311647,0.824319149507752
"752",4.182336057,0.804012197179728
"753",3.979963353,0.770654344893125
"754",3.597966314,0.84497221280558
"755",3.533583257,0.884708485139463
"756",3.755435529,0.873161578300255
"757",3.360695486,0.889327382859775
"758",3.467896629,0.874008420768239
"759",3.479624971,0.87995705008281
"760",3.846548143,0.87155262539824
"761",3.723357857,0.891911261005792
"762",3.622893529,0.915923624981634
"763",3.536272743,0.905829430940528
"764",3.218291176,0.904267161171067
"765",3.920751257,0.962755412336022
"766",3.835210114,0.932877310637158
"767",3.719068714,0.879695051188592
"768",3.789997647,0.872447378423981
"769",3.889748171,0.866921979363699
"770",3.964717235,0.873670995672227
"771",3.9336054,0.902578960809812
"772",3.736505114,0.893902392430664
"773",4.112585971,0.68749962887553
"774",3.893899029,0.727672634267028
"775",3.550939429,0.679070137199052
"776",3.661314941,0.666509685756117
"777",3.852667771,0.848966513459034
"778",3.800553343,0.627849960739219
"779",3.610031118,0.834273656641815
"780",3.595958101,0.688379733207384
"781",3.461994623,0.830123519712058
"782",3.328031145,0.678147096419607
"783",3.442271657,0.811835893718724
"784",3.674857543,0.804979125942139
"785",3.734242324,0.627041394034171
"786",3.544944429,0.809708731153023
"787",3.400851824,0.825841035055276
"788",3.321148,0.806932377608069
"789",3.289650571,0.823284663921347
"790",3.225180286,0.835677651524089
"791",3.267727882,0.821903729326837
"792",3.818919971,0.842047914085356
"793",4.380090294,0.823546193794979
"794",4.3510736,0.855592200342584
"795",4.532227829,0.687240172275747
"796",4.184165257,0.674738781055481
"797",4.267349,0.725666810755326
"798",3.7321988,0.707579099303821
"799",3.445407941,0.729573865715697
"800",3.265229,0.695862892879384
"801",3.038674057,0.774692594382112
"802",3.205315176,0.725442931972058
"803",3.265969,0.756706747916808
"804",3.334741,0.804452075759922
"805",3.170364029,0.824671788529134
"806",2.9266924,0.841327824249499
"807",2.918191829,0.740328997804587
"808",3.208950941,0.764041157258367
"809",3.563011,0.854389453855837
"810",3.675219941,0.863141940278088
"811",3.944214059,0.869453533976116
"812",3.0752198,0.767599798342813
"813",3.197208543,0.88706995277026
"814",3.651581529,0.897598185517795
"815",4.0543908,0.875502169154891
"816",4.293422735,0.791765887262073
"817",4.209367,0.80230913398965
"818",3.679387,0.840703474355659
"819",3.940187286,0.845139442293686
"820",4.436279,0.865567946932492
"821",4.194671,0.864997323811803
"822",4.016023118,0.893937862161598
"823",4.063385514,0.890978892961296
"824",4.0272602,0.650204714394908
"825",4.249364294,0.888000831930709
"826",3.414993706,0.724473961375196
"827",3.903017,0.735443228569745
"828",3.837586324,0.735949831279884
"829",3.719264486,0.832062423475005
"830",3.6844842,0.616372194493695
"831",3.707667794,0.872419017628313
"832",3.816140857,0.893730056479456
"833",3.674816,0.70168287421506
"834",3.978646294,0.882430339007104
"835",3.692119343,0.738136269909618
"836",3.7673578,0.728096770555163
"837",3.951348412,0.894706583496022
"838",3.891137343,0.759191980293571
"839",3.639439176,0.922768099378912
"840",3.581623429,0.768597062113932
"841",3.406607714,0.936086978103431
"842",3.2351536,0.941151523759152
"843",3.481096324,0.859099112547174
"844",3.4416428,0.801881698761051
"845",3.341369647,0.868855587987368
"846",3.438274286,0.800118677009355
"847",3.507413714,0.834969361721914
"848",3.499216,0.860040540687275
"849",3.444548059,0.847087842989141
"850",3.730053914,0.883186859201212
"851",3.629322382,0.941768447874663
"852",3.460955571,0.824811206253074
"853",3.379507457,0.924333683060256
"854",3.261910147,0.946396077907152
"855",3.096373371,0.979368024081986
"856",3.342417086,0.797043351962902
"857",3.396841529,0.958241386064378
"858",3.561944886,0.998749214987064
"859",3.876004343,0.91479851210779
"860",3.623666471,0.916444384488932
"861",3.061314571,0.614537952037742
"862",3.2367935,0.858144200409689
"863",2.953897514,0.849632888222665
"864",2.824672943,0.82445931001398
"865",3.1101662,0.776392014057828
"866",3.334454265,0.717754652035418
"867",3.664921143,0.663060067417941
"868",3.881890118,0.846722273256184
"869",3.7743752,0.441435661984278
"870",3.692017229,0.848239355272709
"871",3.118079514,0.416252406738478
"872",3.421730765,0.81798330122989
"873",3.7964332,0.821213962892713
"874",3.802843324,0.606421632540776
"875",3.755240143,0.336822002005908
"876",3.846004714,0.798672341093096
"877",3.866683783,0.804925313753323
"878",3.757452478,0.68409976643835
"879",3.648221174,0.582793327201857
"880",3.708237235,0.547649977562171
"881",3.747184657,0.596204454096627
"882",3.577015543,0.570843163879334
"883",3.499032706,0.577423101318243
"884",3.591648543,0.541066336886944
"885",3.252415735,0.56027106670731
"886",3.677093088,0.574699127195002
"887",3.160301257,0.593004389587997
"888",3.408217314,0.599310165938205
"889",3.615899588,0.624534522917791
"890",3.638686429,0.802960810191154
"891",3.625409471,0.81715035990557
"892",3.600489686,0.76289999279511
"893",3.450114886,0.676241449222662
"894",3.368811457,0.666128244333737
"895",3.128205176,0.713684129659623
"896",3.502016743,0.723696131143006
"897",3.3058275,0.786217434775416
"898",2.771997057,0.811949144805528
"899",2.663137914,0.797451296869358
"900",2.674329059,0.796868151559132
"901",2.177899647,0.748336115257416
"902",2.747722057,0.721205074825658
"903",2.612592235,0.739640661399589
"904",NA,0.597946056994053
"905",NA,0.715110305568962
"906",NA,0.610413273639415
"907",NA,0.763124580580282
"908",NA,0.856269172610448
"909",NA,0.772120689319762
"910",NA,0.81486262809962
"911",NA,0.80198890719544
"912",NA,-1.23286455576607
"913",NA,-1.04656776313013
"914",NA,-0.908223784006871
"915",NA,-0.83731612799138
"916",NA,-0.791396202477255
"917",NA,-0.772009579659231
"918",NA,-0.704268257174211
"919",NA,-0.780282300043269
"920",NA,-0.696910612055699
"921",NA,-0.530121077074816
"922",NA,-0.65777782422297
"923",NA,-0.462660946954516
"924",NA,-0.470054692123711
"925",NA,-0.460110111055703
"926",NA,-0.428210411978347
"927",NA,-0.460309158601221
"928",NA,-0.27844303433397
"929",NA,-0.254910114183542
"930",NA,-0.260059903816702
"931",NA,-0.204649956515134
"932",NA,-0.215997677042684
"933",NA,-0.415614333528595
"934",NA,-0.362445449570167
"935",NA,-0.412812523130775
"936",NA,-0.336583175303782
"937",NA,-0.202539172676174
"938",NA,-0.186991758072954
"939",NA,-0.299021636431688
"940",NA,-0.277746699518854
"941",NA,-0.264566730747465
"942",NA,-0.229179683844724
"943",NA,-0.249115879495691
"944",NA,-0.244815042714666
"945",NA,-0.265452570462744
"946",NA,-0.31125610566228
"947",NA,-0.237330506889124
"948",NA,-0.245638616047894
"949",NA,-0.2233808788636
"950",NA,-0.240342734688426
"951",NA,-0.258715444319294
"952",NA,-0.212910785078269
"953",NA,-0.160128909741676
"954",NA,-0.0895161224311741
"955",NA,-0.0529622807028445
"956",NA,-0.0653232705893618
"957",NA,-0.00704027397503219
"958",NA,0.0336558216366233
"959",NA,0.0569921711980959
"960",NA,0.0816186308036143
"961",NA,0.129764389777994
"962",NA,0.147964103933316
"963",NA,0.128891972543857
"964",NA,0.0567593863124503
"965",NA,0.0940771888433998
"966",NA,0.0949161256964537
"967",NA,0.107876571704833
"968",NA,0.0927312943609977
"969",NA,0.109178828240892
"970",NA,0.11382380258922
"971",NA,0.118809612873746
"972",NA,0.116976025782614
"973",NA,0.130458181416097
"974",NA,0.131219229653083
"975",NA,0.140451742942261
"976",NA,0.145675196077382
"977",NA,0.155214305084725
"978",NA,0.162084643824606
"979",NA,0.154153984291357
"980",NA,0.171050815991455
"981",NA,0.182672207833763
"982",NA,0.179466198204695
"983",NA,0.190523314621823
"984",NA,0.192638542350841
"985",NA,0.182762146175197
"986",NA,0.1910337506787
"987",NA,0.174711964383015
"988",NA,0.137143018876934
"989",NA,0.104504787246103
"990",NA,0.0844296724739449
"991",NA,0.0343830848057859
"992",NA,0.0276849305545963
"993",NA,-0.0109267457527381
"994",NA,0.0202508397646293
"995",NA,-0.00855230054142618
"996",NA,0.0135273219040003
"997",NA,0.0244897062525652
"998",NA,0.0600713040388991
"999",NA,0.136820958398461
"1000",NA,0.190180863045046
"1001",NA,0.209772503697041
"1002",NA,0.223784769330534
"1003",NA,0.288403159677807
"1004",NA,0.315805090506627
"1005",NA,0.313779922173678
"1006",NA,0.0937690557002857
"1007",NA,-0.176048536300897
"1008",NA,-0.319586768089138
"1009",NA,-1.1016236465201
"1010",NA,-1.25037038059175
"1011",NA,-1.22846986984874
"1012",NA,-1.1130419969236
"1013",NA,-1.13003898219292
"1014",NA,-0.907408442854798
"1015",NA,-0.857867953024215
"1016",NA,-0.769271744399644
"1017",NA,-0.736060180625578
"1018",NA,-0.703762367518984
"1019",NA,-0.651480586902607
"1020",NA,-0.603030206716633
"1021",NA,-0.573879883193767
"1022",NA,-0.553693036894575
"1023",NA,-0.508448889197515
"1024",NA,-0.503040728700307
"1025",NA,-0.47866768699009
"1026",NA,-0.465871455542149
"1027",NA,-0.472101168942477
"1028",NA,-0.474172314367133
"1029",NA,-0.452191890490951
"1030",NA,-0.433964622072202
"1031",NA,-0.415036512090409
"1032",NA,-0.393228121724138
"1033",NA,-0.395072819060525
"1034",NA,-0.359428654413703
"1035",NA,-0.375357451929902
"1036",NA,-0.403938024181978
"1037",NA,-0.419636542189135
"1038",NA,-0.416840062436818
"1039",NA,-0.460735725808827
"1040",NA,-0.472028132857363
"1041",NA,-0.501048469600502
"1042",NA,-0.436580210052987
"1043",NA,-0.366571010217672
"1044",NA,-0.396827540293462
"1045",NA,-0.335689914570671
"1046",NA,-0.308567056798551
"1047",NA,-0.301681857952931
"1048",NA,-0.309211233368116
"1049",NA,-0.235913320950557
"1050",NA,-0.161495784786908
"1051",NA,-0.12988107006467
"1052",NA,-0.22148865285753
"1053",NA,-0.683015915934103
"1054",NA,-0.987515388381587
"1055",NA,-1.12579364684926
"1056",NA,-1.02067116281392
"1057",NA,-0.934790832215722
"1058",NA,-0.848542391851549
"1059",NA,-0.784185270452503
"1060",NA,-0.741442941284635
"1061",NA,-0.685236628008503
"1062",NA,-0.636702422836017
"1063",NA,-0.607602715528842
"1064",NA,-0.572443084329619
"1065",NA,-0.53127985727204
"1066",NA,-0.514058674622368
"1067",NA,-0.489419428556717
"1068",NA,-0.465600825922936
"1069",NA,-0.455697257107283
"1070",NA,-0.423431212942865
"1071",NA,-0.40385021511256
"1072",NA,-0.380224626281577
"1073",NA,-0.361561932713805
"1074",NA,-0.347740675758951
"1075",NA,-0.336772644274984
"1076",NA,-0.300417809684485
"1077",NA,-0.287108657915253
"1078",NA,-0.270233086857402
"1079",NA,-0.260369178137664
"1080",NA,-0.264243644521949
"1081",NA,-0.242712751867742
"1082",NA,-0.238095433995699
"1083",NA,-0.205248682403217
"1084",NA,-0.206765956052703
"1085",NA,-0.233407300846778
"1086",NA,-0.253378261781921
"1087",NA,-0.336604693712773
"1088",NA,-0.32997068780254
"1089",NA,-0.306037946605391
"1090",NA,-0.349595328588867
"1091",2.923481676,-0.361302270583331
"1092",2.6028574,-0.368455171678581
"1093",2.518451765,-0.334675293918456
"1094",2.980343235,-0.383856737420575
"1095",1.3676208,-0.320342531800261
"1096",2.503675343,-1.39915512917496
"1097",2.589859882,-1.07211724691134
"1098",1.7290052,-0.961061170597829
"1099",1.564902235,-0.858651109521638
"1100",2.052169714,-0.822839323752385
"1101",2.209704,-0.779700107717749
"1102",2.224494857,-0.710565728452112
"1103",1.9180725,-0.659452852961605
"1104",2.4534522,-0.589845638201421
"1105",2.372600059,-0.582042529260211
"1106",NA,-0.522255671714467
"1107",NA,-0.571335463667093
"1108",NA,-1.68785702628104
"1109",NA,-1.74903257232443
"1110",NA,-1.35966780913214
"1111",NA,-1.21788355735187
"1112",NA,-1.08817929271044
"1113",NA,-1.04238119580675
"1114",NA,-0.939471439546134
"1115",NA,-0.876937882507023
"1116",NA,-0.840533469138946
"1117",NA,-0.755259152048136
"1118",NA,-0.71948969151303
"1119",NA,-0.688483426269211
"1120",NA,-0.632478965460282
"1121",NA,-0.584420254639094
"1122",NA,-0.568928670466659
"1123",NA,-0.546812016037119
"1124",NA,-0.533970534247987
"1125",NA,-0.483276819744348
"1126",NA,-0.450226590197448
"1127",NA,-0.442077988421438
"1128",NA,-0.417226322624038
"1129",NA,-0.417148009240524
"1130",NA,-0.37933641881856
"1131",NA,-0.376521407025846
"1132",NA,-0.387257976208424
"1133",NA,-0.427763699886065
"1134",NA,-0.429122342687794
"1135",NA,-0.491312387967427
"1136",NA,-0.45946553584405
"1137",NA,-0.440028731078846
"1138",NA,-0.480334604529633
"1139",NA,-0.443024236191097
"1140",NA,-0.402812655572698
"1141",NA,-0.451445845669168
"1142",NA,-0.440319667804704
"1143",NA,-0.405354441048373
"1144",NA,-0.345797235739423
"1145",NA,-0.35315669369072
"1146",NA,-0.320872059589211
"1147",NA,-0.298859942221513
"1148",NA,-0.252054723527725
"1149",NA,-0.213505146606494
"1150",NA,-0.16367694217795
"1151",NA,-0.11895574288901
"1152",NA,-0.0857258182669672
"1153",NA,-0.0654021299854913
"1154",NA,-0.0329600013687265
"1155",NA,-0.0349840113193735
"1156",NA,-0.0329533618181966
"1157",NA,-0.00742792732102823
"1158",NA,0.0250672168548614
"1159",NA,0.0347845325998014
"1160",NA,0.0482169624682909
"1161",NA,0.0598108399562922
"1162",NA,0.0599950286265065
"1163",NA,0.0620954209784263
"1164",NA,0.0772087899552539
"1165",NA,0.1011851779533
"1166",NA,0.0945094471036598
"1167",NA,0.103980630101112
"1168",NA,0.11493781188016
"1169",NA,0.126663218671701
"1170",NA,0.136513221388186
"1171",NA,0.115260615981403
"1172",NA,0.13026333374814
"1173",NA,0.139944702122611
"1174",NA,0.15454045070012
"1175",NA,0.170853145375319
"1176",NA,0.172818459603842
"1177",NA,0.157517075900944
"1178",NA,0.171819394561754
"1179",NA,0.13195273013101
"1180",NA,0.0910401691950856
"1181",NA,0.0687934390061904
"1182",NA,0.0821446574653603
"1183",NA,0.0171857359135139
"1184",NA,0.00693787372206459
"1185",NA,-0.0285533851015892
"1186",NA,-0.00535044224995219
"1187",NA,-0.0377743652089824
"1188",NA,-0.0385082171590862
"1189",NA,-0.0368582780177785
"1190",NA,-0.024911814657823
"1191",NA,-0.0326471182539197
"1192",NA,-0.0263025752744723
"1193",NA,-0.00638695312543794
"1194",NA,0.0161506562312232
"1195",NA,0.0736001117730019
"1196",NA,0.147042863470174
"1197",NA,0.216770513738108
"1198",NA,0.251480109349062
"1199",NA,0.298713133200261
"1200",NA,0.311502367582728
"1201",NA,0.368827412100602
"1202",NA,0.374894840506468
"1203",NA,0.328972073218129
"1204",NA,0.355219010650157
"1205",NA,0.389192421924703
"1206",NA,0.39513888569177
"1207",NA,0.364293115840902
"1208",NA,0.389075262614881
"1209",NA,0.409071292424758
"1210",NA,0.383000967687258
"1211",NA,0.405880591948427
"1212",NA,0.419410157537304
"1213",NA,0.397717882498861
"1214",NA,0.391141492403971
"1215",NA,0.434068704195674
"1216",NA,0.415244420529513
"1217",NA,0.427362639825029
"1218",NA,0.433345495846523
"1219",NA,0.428913733991828
"1220",NA,0.42379622403296
"1221",NA,0.411202251589566
"1222",NA,0.436188229960235
"1223",NA,0.461813180381886
"1224",NA,0.459742151324845
"1225",NA,0.462520745679876
"1226",NA,0.449385918678193
"1227",NA,0.446430488590961
"1228",NA,0.40650199924265
"1229",NA,0.401026019673677
"1230",NA,0.39651213687549
"1231",NA,0.329931553669305
"1232",NA,0.325542485265505
"1233",NA,0.310398830286123
"1234",NA,0.268755662263287
"1235",NA,0.287664326840672
"1236",NA,0.263624749058247
"1237",NA,0.267101715087162
"1238",NA,0.319821142502162
"1239",NA,0.303361595858557
"1240",NA,0.323736533748079
"1241",NA,0.363452366761124
"1242",NA,0.404111881043826
"1243",NA,0.449862768849269
"1244",NA,0.47005370108477
"1245",NA,0.526837931987912
"1246",NA,-0.16394508147396
"1247",NA,-0.501107898176225
"1248",NA,-1.49568453188748
"1249",NA,-1.97732389198081
"1250",NA,-1.54278693221943
"1251",NA,-1.4667511031485
"1252",NA,-1.37439163212902
"1253",NA,-1.22432369648989
"1254",NA,-1.04433537656771
"1255",NA,-0.915715780596429
"1256",NA,-0.83156503963278
"1257",NA,-0.778212128866659
"1258",NA,-0.713452843378573
"1259",NA,-0.653381175168243
"1260",NA,-0.642239013963929
"1261",NA,-0.582562492367632
"1262",NA,-0.543521167893081
"1263",NA,-0.537645665479248
"1264",NA,-0.486451391947804
"1265",NA,-0.454344788117657
"1266",NA,-0.418135533072464
"1267",NA,-0.408378797548296
"1268",NA,-0.38423546250126
"1269",NA,-0.377071005523342
"1270",NA,-0.344566282916383
"1271",NA,-0.334654425784633
"1272",NA,-0.334002611049256
"1273",NA,-0.30472321510648
"1274",NA,-0.30118372116189
"1275",NA,-0.293606587744175
"1276",NA,-0.304418367499579
"1277",NA,-0.338851574571866
"1278",NA,-0.351588719413112
"1279",NA,-0.373421623218136
"1280",NA,-0.376924933559213
"1281",NA,-0.390716077407981
"1282",NA,-0.38998386331186
"1283",NA,-0.329316492923537
"1284",NA,-0.344993490509887
"1285",NA,-0.309723141612862
"1286",NA,-0.309225204133592
"1287",2.294740176,-0.393680208634701
"1288",2.546896571,-0.329830655977425
"1289",2.496950235,-0.281699069546801
"1290",2.470616571,-0.284244667035157
"1291",2.770887143,-0.207385794657148
"1292",3.354592,-0.170399485044254
"1293",3.690959059,-0.159935639485786
"1294",3.541018971,-0.127612286484946
"1295",3.449448176,-0.0771592153041049
"1296",3.496860914,-0.0532721863120991
"1297",3.438293371,-0.0133248163104657
"1298",3.271648353,-0.00631517262904598
"1299",3.577534857,0.0159641546233108
"1300",3.853033429,0.0075646207345936
"1301",3.668717059,0.0231324761829456
"1302",3.496408429,0.0501242655432621
"1303",3.218660314,0.0747852663139643
"1304",3.253185294,0.099503143657832
"1305",3.425164857,0.109572552373609
"1306",3.113715088,0.123285828947494
"1307",3.348149286,0.13018634579275
"1308",3.492847857,0.133730513380462
"1309",3.648476333,0.146067094290358
"1310",3.805786333,0.154632372201616
"1311",3.690241314,0.160520859435125
"1312",3.548646235,0.159946411075308
"1313",3.739943029,0.162128161960419
"1314",4.0344982,0.165750554452851
"1315",3.7984702,0.174466001203553
"1316",3.881789941,0.196082884371917
"1317",3.814351086,0.203113402227308
"1318",3.421066853,0.192339008073794
"1319",3.114841286,0.20701178131851
"1320",3.064498429,0.215060308915132
"1321",3.115252147,0.195381840605848
"1322",3.604174314,0.225577609268729
"1323",3.677563743,0.200377147578451
"1324",3.534099647,0.173737713120189
"1325",3.054172686,0.127360964589783
"1326",3.014233714,0.112631332413024
"1327",2.970921882,0.0922293260571397
"1328",2.548124314,0.0462391210414515
"1329",2.609860941,0.0348543976639252
"1330",0.679260353,0.00152517533909054
"1331",2.277721429,0.000360835551309988
"1332",2.968955886,0.0243599196821954
"1333",3.004732382,0.0308640040238475
"1334",2.768818571,0.00546859732452008
"1335",2.670339471,0.0589187747838263
"1336",3.032180371,0.0957394236535034
"1337",3.756721429,0.105352948347595
"1338",3.031094286,0.108652701575127
"1339",3.242490647,0.108330911598204
"1340",3.474674257,0.140622097084144
"1341",3.0640125,0.193001624234125
"1342",3.030073286,0.270594403178577
"1343",3.472140771,0.316953403002246
"1344",2.327729647,0.249699868316787
"1345",2.116706118,0.275780931719358
"1346",1.893712314,0.265154721089977
"1347",2.122765118,0.239083775756339
"1348",2.028150143,0.228319555068444
"1349",2.328177571,0.239812200679369
"1350",2.967923824,0.243611111148654
"1351",2.871576086,0.240964547959797
"1352",2.050761412,0.241319214858972
"1353",2.198253765,0.223898708532455
"1354",2.9601362,0.234452428897434
"1355",3.226284657,0.240148621993411
"1356",3.282267,0.250504974276866
"1357",3.185977565,0.259949932789481
"1358",2.89563887,0.263188291721968
"1359",2.687869143,0.254366449717052
"1360",3.016797714,0.294833529051897
"1361",2.850329229,0.291499866741589
"1362",3.371137588,0.281041897564151
"1363",3.336902143,0.29647198301272
"1364",3.390417618,0.306441495430865
"1365",3.496296629,0.308555595041714
"1366",3.000907486,0.310940565208242
"1367",2.875698206,0.295427389238356
"1368",2.896164382,0.319430536490776
"1369",2.9199568,0.328183275285789
"1370",2.756930118,0.349836933772143
"1371",2.652870171,0.33046393522897
"1372",2.818136857,0.297864896007496
"1373",3.113614941,0.290643414647675
"1374",3.0262486,0.274406035550175
"1375",2.4387406,0.268443042467091
"1376",2.681979735,0.242461482393965
"1377",2.972524714,0.19633686400161
"1378",2.411133571,0.155876067852093
"1379",2.132466294,0.163876954120025
"1380",2.582055457,0.178307036648087
"1381",2.823739647,0.178048649012485
"1382",2.143989486,0.183752714017776
"1383",1.918771771,0.158352446226539
"1384",1.660657257,0.184012201804408
"1385",1.955447647,0.198536192479825
"1386",2.0501736,0.209886538036526
"1387",2.150156,0.212410082217755
"1388",2.418890943,0.23451887413685
"1389",2.370288543,0.257464985007594
"1390",3.125115114,0.241561069954015
"1391",1.942667382,0.3032200201534
"1392",2.601376143,0.336285969294141
"1393",3.406454176,0.347979881287686
"1394",3.861938971,0.38187430184918
"1395",3.948436343,0.428710493368351
"1396",3.829534529,0.418750164736599
"1397",4.000154943,0.473756045215898
"1398",3.669404086,0.456567402360641
"1399",3.991731588,0.478654072722882
"1400",3.995679171,0.469641526178194
"1401",3.3689022,0.478240308215938
"1402",3.048868676,0.486537677137272
"1403",3.465917829,0.507590043104943
"1404",3.603278174,0.507972939075795
"1405",3.593679478,0.500386334786835
"1406",3.584080783,0.498425593175551
"1407",3.748258143,0.502696521686952
"1408",3.849697235,0.494916976264549
"1409",3.792335,0.501869508348228
"1410",3.810296353,0.514799538406031
"1411",3.8352428,0.541640119289489
"1412",3.000246229,0.549306959384927
"1413",3.440829657,0.540907114541418
"1414",3.499029647,0.553346515036274
"1415",3.565503086,0.554136592642264
"1416",3.463942765,0.569061802640912
"1417",3.4476918,0.572615234071957
"1418",3.532305343,0.570124579973207
"1419",3.404164647,0.561250869628764
"1420",3.962282,0.560179749600151
"1421",3.234727143,0.56113761042257
"1422",3.799116529,0.532894860194222
"1423",3.5724234,0.477027366547571
"1424",3.158828143,0.413703951457129
"1425",2.995514588,0.400016541083108
"1426",2.9197128,0.383958860787769
"1427",2.985639647,0.353535994974426
"1428",2.620714353,0.298617599304804
"1429",2.5519948,0.282672900817461
"1430",2.310845743,0.26210993142837
"1431",2.652371294,0.31101372700941
"1432",2.96446,0.355333416781577
"1433",2.904669206,0.376662231386728
"1434",3.196414143,0.377310055921629
"1435",3.488897,0.379333408541953
"1436",3.153850143,0.412212311032894
"1437",3.563693559,0.46791856446194
"1438",3.8523696,0.496540597930893
"1439",3.909567529,0.52311828489999
"1440",3.799473857,0.561153446192962
"1441",3.6433348,0.574946334612118
"1442",3.648125176,0.59834146750416
"1443",3.466372824,0.57922667612505
"1444",1.9133456,-0.251474866115293
"1445",2.133243265,-0.660842522878897
"1446",1.910468,-0.671280393129148
"1447",1.537784,-0.659020238856892
"1448",1.685637941,-0.641264046249048
"1449",1.812558857,-0.622241753251412
"1450",1.575552,-0.541709713161236
"1451",1.658757882,-0.508360012567379
"1452",2.477014571,-0.455590846035635
"1453",2.597188609,-0.423085849625353
"1454",2.369719478,-0.404666700031045
"1455",2.326003143,-0.36919664125632
"1456",2.557771353,-0.321895712703987
"1457",2.782309686,-0.312004356688235
"1458",2.946056543,-0.262303695271419
"1459",3.0583418,-0.24485269238037
"1460",3.129345765,-0.222638659122939
"1461",2.795520829,-0.190503075087271
"1462",2.864462471,-0.161172994424717
"1463",3.270039143,-0.151075991123204
"1464",3.007026429,-0.154131443592202
"1465",3.240603,-0.150171953129168
"1466",3.403263,-0.149744610324123
"1467",3.508626429,-0.150041724825549
"1468",2.856850059,-0.212999463462105
"1469",2.546492229,-0.222391797589799
"1470",2.839547143,-0.256432469695173
"1471",3.0800155,-0.303619630032379
"1472",2.683095657,-0.29682173243321
"1473",2.410872229,-0.304308199785381
"1474",2.281312824,-0.285629151256502
"1475",2.203443114,-0.284895640386815
"1476",2.733442343,-0.244817284425688
"1477",3.295693824,-0.277364693836207
"1478",3.322307857,-0.290909144660306
"1479",3.05107,-0.290489657291322
"1480",3.056264429,-0.283665427680282
"1481",2.889327286,-0.266768777379173
"1482",2.693935743,-0.173164321801495
"1483",3.021691559,-0.094149926332009
"1484",3.271045771,-0.0629315761287371
"1485",3.303057294,-0.0269977153186696
"1486",3.412500686,0.00619240091352402
"1487",3.6065292,0.011798810735732
"1488",3.2207412,0.0366980295350956
"1489",3.732706824,0.065368508801848
"1490",3.314588086,0.0707767803721461
"1491",3.462221529,0.0978361460857707
"1492",3.444076143,0.113065578140709
"1493",3.171387571,0.0871221359252511
"1494",3.628636353,0.110809068838357
"1495",3.880079029,0.144816569953863
"1496",3.298019886,0.134009152968907
"1497",3.581292765,0.169705580565638
"1498",3.898417686,0.183044624547343
"1499",3.953919771,0.194627029517986
"1500",4.060112471,0.189900490344639
"1501",4.355209145,0.195700641420781
"1502",4.249302188,0.217449736804909
"1503",4.143395232,0.234168620369765
"1504",2.974835571,-0.0685049548278293
"1505",1.7584734,-0.135355521288372
"1506",0.556568706,-0.691533306418861
"1507",0.249742143,-2.19279445516981
"1508",0.638447118,-2.05627632743669
"1509",0.689420657,-2.08296000597556
"1510",0.871191886,-1.52094831290248
"1511",0.044718457,-1.30046481004617
"1512",0.807457471,-1.22125593307513
"1513",0.974700257,-1.11656420985554
"1514",1.15183,-1.02888578767998
"1515",1.420595257,-0.942466131883159
"1516",1.824363714,-0.889478994290081
"1517",2.872653676,-0.840781333009404
"1518",1.541510441,-0.78936132276261
"1519",1.714217257,-0.74266633902693
"1520",2.723322235,-0.715906277962705
"1521",3.226607857,-0.684967897298817
"1522",3.653320571,-0.67561495799324
"1523",4.043447882,-0.673448812346408
"1524",3.622586,-0.679720210904617
"1525",2.506082235,-0.650310557998683
"1526",3.141069294,-0.648171195115553
"1527",3.299342629,-0.612212870666393
"1528",3.085315257,-0.617701739635698
"1529",3.0253185,-0.617739092098744
"1530",3.118602886,-0.571690637626129
"1531",2.905939118,-0.553061197098101
"1532",2.252465914,-0.501788883519891
"1533",2.956542771,-0.4766807548496
"1534",2.859049686,-0.449513140238758
"1535",3.598780882,-0.412838302113953
"1536",3.256342571,-0.373926817651133
"1537",2.942710382,-0.339730764492462
"1538",2.909224257,-0.283349359277562
"1539",2.4450262,-0.260935674737973
"1540",2.985486206,-0.247472645830453
"1541",2.908362382,-0.230136767658474
"1542",3.258364514,-0.222852537699795
"1543",2.866688765,-0.226768499009906
"1544",2.896366257,-0.181794830490202
"1545",2.976499,-0.165193882893333
"1546",2.780554412,-0.167572885520382
"1547",3.250107371,-0.14672555632483
"1548",3.121807657,-0.126783859194895
"1549",3.293556797,-0.0900264005517919
"1550",3.475652449,-0.0787853345923346
"1551",3.476286429,-0.0645606947397779
"1552",3.369213441,-0.0487050158790055
"1553",3.150019343,-0.0378158580336624
"1554",3.048133882,-0.0135286946804379
"1555",3.948556286,-0.0252343536881696
"1556",3.108890571,-0.0055393353784535
"1557",2.902796057,-0.0281455476910542
"1558",2.937546412,-0.0107446194088585
"1559",2.908995114,-0.00459422780021975
"1560",2.758790765,-0.00329566327690439
"1561",2.748005114,0.00749665222055387
"1562",3.126757,-0.0142160105332005
"1563",3.166717,-0.0137409458669086
"1564",3.349311794,-0.0844279075697107
"1565",3.136816857,-0.108685859055831
"1566",2.773135059,-0.112881229330645
"1567",2.655390314,-0.131566934928705
"1568",2.717865229,-0.14448717600524
"1569",2.646157529,-0.176845079823142
"1570",2.525243829,-0.186608849976
"1571",2.834181257,-0.163694272434129
"1572",2.798581941,-0.173005754515147
"1573",2.893770286,-0.156554279660173
"1574",2.849816686,-0.15424934995366
"1575",2.787386588,-0.114242606616716
"1576",2.997774143,-0.127801894992823
"1577",3.357180529,-0.0895529159487353
"1578",2.701152,-0.0627573302366436
"1579",3.266950286,-0.0308171293653342
"1580",3.508859286,0.0128607417532796
"1581",3.463378294,0.0406665779510317
"1582",3.662382429,0.0585565858422004
"1583",3.968988618,0.095118612259583
"1584",3.8188172,0.109658158759128
"1585",3.310868629,0.120322563629714
"1586",2.619708057,0.159935231490776
"1587",3.181785294,0.223615908426756
"1588",3.678505457,0.193202903755943
"1589",3.629518059,0.188415440322021
"1590",3.4896374,0.217165689976991
"1591",3.514407286,0.256618601234903
"1592",3.315889824,0.264115716709862
"1593",3.179696,0.274619695877178
"1594",3.109913429,0.305600945127948
"1595",2.833799176,0.284265744682702
"1596",3.2234516,0.292254342501723
"1597",3.481457507,0.304602262194357
"1598",3.359135333,0.303235898750345
"1599",3.3645996,0.314558862368483
"1600",3.743736882,0.296948417527363
"1601",3.476120118,0.279379722600332
"1602",3.6378966,0.286683483838555
"1603",3.259771857,0.291893102561101
"1604",3.054282647,0.310250436122657
"1605",3.2339922,0.326169357725813
"1606",3.420682941,0.334922798858755
"1607",3.234843286,0.336991643841076
"1608",3.162773,0.361057066443317
"1609",3.492099286,0.353197765946665
"1610",3.414720088,0.34089675609002
"1611",3.3903084,0.299153341158582
"1612",3.530991647,0.21145677143967
"1613",3.600775857,0.187866917549435
"1614",3.3910654,0.188176323502694
"1615",3.077614059,0.129773095068954
"1616",2.784139941,0.140540317081675
"1617",3.3362462,0.104285889465973
"1618",3.336226441,0.0873105662573281
"1619",3.544295457,0.0861911879531538
"1620",3.4007686,0.0767991190395835
"1621",3.037821735,0.0742440897900381
"1622",3.527118571,0.0954017468351244
"1623",3.104254,0.112696180533195
"1624",4.254630471,0.129296159992395
"1625",3.776748857,0.124063884317369
"1626",3.6750402,0.130947575248504
"1627",3.582254529,0.171962509200844
"1628",3.475031257,0.209964156902405
"1629",3.727922353,0.211297062056186
"1630",4.046133971,0.258059384969856
"1631",3.740453686,0.360196507139651
"1632",3.5971566,0.356952305607547
"1633",3.685551441,0.386573959601832
"1634",3.818665143,0.45056929001329
"1635",3.503327588,0.459868774478811
"1636",3.087134143,0.474994947098308
"1637",3.355189286,0.511648650821324
"1638",3.075213,0.53004078006487
"1639",3.284573294,0.527405410580009
"1640",3.577009771,0.558901613927749
"1641",3.078565176,0.546987820648413
"1642",2.8504464,0.569762692122351
"1643",3.240032057,0.569641368717097
"1644",3.634859706,0.559367671183152
"1645",3.364908522,0.559610655450419
"1646",3.504033739,0.572149335190902
"1647",3.643158957,0.580878360042452
"1648",3.287797257,0.596432795504418
"1649",3.273831771,0.588121247477901
"1650",3.502221,0.585947366732653
"1651",3.500876714,0.608778884442795
"1652",3.206098647,0.59808266192442
"1653",3.437363229,0.595564095127336
"1654",3.753270086,0.592077863835372
"1655",4.253323057,0.588613539880739
"1656",3.852298559,0.624295596513712
"1657",3.672584514,0.608895692794825
"1658",3.669396235,0.57480112197428
"1659",3.408136114,0.575768782491124
"1660",3.6568278,0.521791562506438
"1661",3.8448258,0.522987278570718
"1662",3.619652176,0.504164891770676
"1663",3.372321629,0.471761582518168
"1664",3.623512235,0.500595961093623
"1665",3.515794714,0.529843383666691
"1666",2.122851,0.318426554360424
"1667",-0.008183853,-0.244019408218667
"1668",0.536715857,-0.0725816571903188
"1669",0.465041571,-0.185914616880384
"1670",0.041832647,-0.515456506776779
"1671",0.011304086,-0.668522249491418
"1672",0.267018943,-0.862220088477644
"1673",0.642667588,-1.12861816899859
"1674",0.950424857,-1.12610518965462
"1675",1.018677882,-1.06622226406442
"1676",1.550046706,-0.981052289674859
"1677",2.163824171,-0.883221121807998
"1678",2.453537257,-0.84868473852201
"1679",2.781589235,-0.79570825652423
"1680",2.710733143,-0.728627753240725
"1681",2.347694824,-0.622634259281106
"1682",2.349752743,-0.558562874107138
"1683",2.410585114,-0.51065313906003
"1684",2.711788543,-0.458855885162242
"1685",2.468007588,-0.4509252243673
"1686",2.753388257,-0.439799520424642
"1687",2.8412285,-0.404501478215777
"1688",2.759580686,-0.38094490708128
"1689",2.885067486,-0.356160260403934
"1690",2.998910235,-0.327125759936672
"1691",2.802002588,-0.304634355972546
"1692",2.802041886,-0.279149870390865
"1693",2.807901217,-0.26238783893692
"1694",2.813517739,-0.251865382320687
"1695",2.908181714,-0.234069597308839
"1696",2.817261,-0.206128404104922
"1697",2.395332257,-0.198082555242231
"1698",2.826172735,-0.16615248584293
"1699",2.669594794,-0.16959817330742
"1700",2.385298571,-0.185795959763133
"1701",2.090484171,-0.115772275702901
"1702",2.3612725,-0.115853850474784
"1703",2.914628829,-0.124362313433896
"1704",2.990972882,-0.12530060477663
"1705",2.432061229,-0.0927962666627745
"1706",2.789332943,-0.107251415791272
"1707",2.543506571,-0.122447931964602
"1708",2.722965765,-0.121623227183505
"1709",2.414303,-0.163990902076494
"1710",2.303173647,-0.225386035246835
"1711",2.643323343,-0.232756474197448
"1712",2.785380543,-0.224907808416217
"1713",2.459172706,-0.255603413975557
"1714",2.300133882,-0.264627150376573
"1715",2.643066943,-0.268380158096761
"1716",2.948247,-0.245092599989807
"1717",3.486586886,-0.0462125152402411
"1718",3.4779706,-0.028034889917176
"1719",2.764542882,-0.0206280017843193
"1720",2.743668629,-0.00386769170269175
"1721",2.874398343,-0.0011052182807527
"1722",2.923202765,0.000744481138591123
"1723",1.615928143,-1.64917821006639
"1724",1.497710714,-1.71496613188219
"1725",1.683772529,-1.37414303046465
"1726",1.549021943,-1.18496876020311
"1727",1.474096,-1.10381943148652
"1728",0.923398571,-1.69834113368706
"1729",0.495097143,-2.37793094328165
"1730",0.299671486,-2.2699830383503
"1731",0.045081412,-2.30211361204198
"1732",0.111493657,-2.17482304285587
"1733",0.248824912,-1.98975777359504
"1734",0.3736196,-1.9212433643315
"1735",0.896506,-1.57464470806057
"1736",0.950446,-1.38113841814795
"1737",1.258402118,-1.23615466329748
"1738",1.515843,-1.12683200507457
"1739",1.715503824,-1.03921459102058
"1740",1.985187686,-0.97604531378853
"1741",2.193143667,-0.895846075560734
"1742",2.153943667,-0.839963369205828
"1743",2.1255646,-0.80354617232451
"1744",2.2486786,-0.740051664104484
"1745",2.386705971,-0.69788103288819
"1746",2.382144143,-0.654031995991718
"1747",2.3358382,-0.619699651355541
"1748",2.482022559,-0.599988982984874
"1749",2.648241257,-0.560865027713838
"1750",2.329476588,-0.532566558200272
"1751",2.343671,-0.52507139252864
"1752",2.176484429,-0.500831156646753
"1753",2.227575,-0.476748345731613
"1754",2.312692882,-0.463580952186667
"1755",2.647238629,-0.44626722909815
"1756",2.960178353,-0.436024814133833
"1757",2.8706076,-0.424101191430827
"1758",2.825654743,-0.421215325063322
"1759",2.528545886,-0.398414009480643
"1760",2.360567206,-0.372753138626286
"1761",2.467749771,-0.345782424088373
"1762",2.531347412,-0.331763640864975
"1763",2.6089388,-0.328571656883641
"1764",2.655637057,-0.29871744475539
"1765",2.418305706,-0.292375116244796
"1766",2.466791,-0.255063968190975
"1767",2.316015286,-0.245953156094369
"1768",2.5664735,-0.223885633546604
"1769",2.523329,-0.222040812047133
"1770",2.849474143,-0.195781559626102
"1771",3.182657265,-0.193665610716401
"1772",2.8167286,-0.186777646848703
"1773",2.779601529,-0.173240490000619
"1774",3.250999471,-0.163555571610219
"1775",2.6860028,-0.158014289990882
"1776",3.000591457,-0.149122500872985
"1777",2.912071824,-0.121616503099941
"1778",2.2931814,-0.0860276785961441
"1779",2.006502,-0.0590817126983752
"1780",2.551661857,-0.0583188331458051
"1781",2.471621,-0.0406545935320777
"1782",3.104703286,-0.0457278999782605
"1783",2.944925824,-0.0503741790697583
"1784",2.970855,-0.0537226462617248
"1785",2.699963471,-0.0481921390924807
"1786",2.475581057,-0.0255095103925055
"1787",2.6789532,-0.0174665579927452
"1788",2.187176899,-0.00248908638075217
"1789",2.324500377,-0.0161502230066306
"1790",2.461823855,0.0136587535226024
"1791",2.787465735,0.0179304836024166
"1792",2.876240457,0.0334488220386435
"1793",2.8396972,0.0433975486899372
"1794",2.868120824,0.0559565029983023
"1795",2.815520429,0.0769052324792884
"1796",2.199821,0.0783196430665211
"1797",3.057343647,0.0675057232325652
"1798",2.744082514,0.0846195894750183
"1799",2.7722772,0.0870151459112624
"1800",2.580738235,0.0918294315711723
"1801",2.545143543,0.109622382999135
"1802",3.128973353,0.10300184217827
"1803",3.080929029,0.102721722183187
"1804",3.150269314,0.0845648969328803
"1805",2.6366264,0.0729590246981079
"1806",2.459590029,0.0978452416915544
"1807",2.630413943,0.116693956278301
"1808",2.801854412,0.12269909669487
"1809",2.848208429,0.119159953295867
"1810",2.913514857,0.141467548125461
"1811",2.791552,0.155097029392743
"1812",2.939479353,0.162907170613659
"1813",3.148515686,0.173461957181883
"1814",2.949081971,0.18002433312026
"1815",2.8886336,0.190704699049227
"1816",3.073272114,0.187426561425382
"1817",3.416522559,0.209751576771485
"1818",4.120838657,0.216903347664942
"1819",3.466625229,0.20084667768745
"1820",3.498272529,0.205304992002505
"1821",2.857642057,0.223918706052117
"1822",2.998641286,0.228003677281
"1823",3.553301529,0.230062163526682
"1824",3.746798286,0.247477603436185
"1825",3.523034,0.257602649133937
"1826",3.198882314,0.283142508575594
"1827",3.207891743,0.283359941487531
"1828",3.112524543,0.303608416549745
"1829",3.259378912,0.3060340017217
"1830",3.2362298,0.329381247341538
"1831",3.121262529,0.328805955918356
"1832",3.170594543,0.316058960454738
"1833",3.149248771,0.32228614443396
"1834",2.985486486,0.345498896820606
"1835",3.132209824,0.349099695537642
"1836",3.3099516,0.333650801585781
"1837",3.282344681,0.331641984123493
"1838",3.134572072,0.334463081652019
"1839",3.084964714,0.350495215309971
"1840",3.287423559,0.357386541766494
"1841",3.740085514,0.354840236698667
"1842",3.366960943,0.367322209126597
"1843",3.432219706,0.369405842184508
"1844",3.319820429,0.378153695803105
"1845",3.415190029,0.377214591552996
"1846",3.635040647,0.392769343269334
"1847",3.619818543,0.377856032839072
"1848",3.335366618,0.392105462776791
"1849",2.638442794,0.412347028859113
"1850",3.241001343,0.402844031653718
"1851",3.219387457,0.399287225925332
"1852",3.157436118,0.363726018438056
"1853",2.845742143,0.357445978790658
"1854",2.538251353,0.387572535689967
"1855",2.751390029,0.403195954554966
"1856",2.446477257,0.411925488486692
"1857",2.686244971,0.433434576394505
"1858",3.114343118,0.415011279833871
"1859",3.402692943,0.421950457302189
"1860",3.224389,0.425382794327157
"1861",3.226326343,0.421735544810594
"1862",3.591841657,0.430160035395681
"1863",3.137439676,-0.0790955500215542
"1864",2.169986441,-0.0988106989198198
"1865",0.855280114,-1.01032302211676
"1866",0.802411059,-1.55567586061545
"1867",1.215805286,-1.40295180108762
"1868",1.253766,-1.41429807018907
"1869",1.310486059,-1.2614849084004
"1870",1.981815057,-1.13846811470647
"1871",1.402911529,-1.05527798220783
"1872",1.871377412,-0.967065830961301
"1873",1.567301914,-1.78804578704066
"1874",1.115362314,-1.71143234209969
"1875",0.8616095,-1.76927303999984
"1876",1.012341286,-1.82368554435367
"1877",1.337999235,-1.62810959857148
"1878",1.219360429,-1.8527644920236
"1879",0.595056143,-1.97242144370979
"1880",0.093581771,-1.93186078104238
"1881",0.168003412,-1.91124550655397
"1882",0.523237571,-1.79171340713115
"1883",1.234482235,-1.59034005631427
"1884",1.619350171,-1.41864186720672
"1885",1.212531913,-1.26329960788135
"1886",1.877271478,-1.16914666252179
"1887",2.542011043,-1.06859191700815
"1888",2.447949943,-1.00941400427896
"1889",2.394285471,-0.92984195635285
"1890",2.400500029,-0.873446386994943
"1891",2.456151657,-0.813730259450026
"1892",2.503368588,-0.800532813235988
"1893",2.385765371,-0.734202947132269
"1894",2.276755657,-0.700080329812976
"1895",2.661244353,-0.663858489109825
"1896",2.478237,-0.635724225642239
"1897",2.472847,-0.595763382567773
"1898",2.485968471,-0.567542066873755
"1899",2.612323257,-0.551809702344091
"1900",2.998238235,-0.535503233477897
"1901",2.7757584,-0.5388374730886
"1902",2.9066244,-0.515247466500652
"1903",2.696309914,-0.476138559818385
"1904",2.326480118,-0.451478356550676
"1905",2.383904171,-0.430574430407377
"1906",2.819851206,-0.399672042003942
"1907",2.827543829,-0.389363071416539
"1908",1.8254452,-0.372183201592275
"1909",2.0283292,-0.35306458087206
"1910",2.518598765,-0.326301493713123
"1911",3.179928429,-0.327396284795675
"1912",3.060208529,-0.330518521363773
"1913",2.412559371,-0.37305530693821
"1914",1.898251314,-0.410511934530205
"1915",1.700888706,-0.475191469636753
"1916",1.191172229,-0.512716793332957
"1917",1.722775657,-0.557515831388493
"1918",1.207627294,-0.601771231976473
"1919",1.116249629,-0.674593160440622
"1920",1.028393,-0.738423021681242
"1921",1.213663118,-0.719325514898143
"1922",1.799714943,-0.724516112801491
"1923",2.129484412,-0.698844913044244
"1924",2.258705,-0.67177166460014
"1925",0.866322714,-0.873755538893771
"1926",1.353114714,-1.0680110979156
"1927",1.690872294,-1.06968518348964
"1928",1.651007229,-1.00231333432797
"1929",1.696947765,-0.910925396128055
"1930",2.1617448,-0.854609249638252
"1931",2.879250229,-0.827453338013067
"1932",2.693103657,-0.770606128461293
"1933",2.68336887,-0.728240136011685
"1934",2.693235391,-0.705843387036083
"1935",2.819207176,-0.666421407239005
"1936",3.0661864,-0.629927182140517
"1937",3.201887886,-0.615266215875587
"1938",3.015570353,-0.577591994840974
"1939",3.179643,-0.539158675076723
"1940",3.303715286,-0.507747464963426
"1941",3.135827824,-0.492039143319927
"1942",3.1588308,-0.46293257102646
"1943",3.269641429,-0.433407570048303
"1944",3.199365059,-0.418161472068741
"1945",2.9449544,-0.40334222750952
"1946",3.033823706,-0.39517368457975
"1947",3.333459294,-0.398202978843485
"1948",3.3511894,-0.401953618055587
"1949",3.2752248,-0.375614988397947
"1950",3.080336471,-0.357841322517657
"1951",2.9976812,-0.337220452510663
"1952",2.832568735,-0.326590239753565
"1953",2.219691571,-0.306513327668443
"1954",2.684533,-0.287419683945428
"1955",3.187545571,-0.270711590284684
"1956",3.302402324,-0.261862513791338
"1957",3.1653244,-0.253954048860435
"1958",2.814191882,-0.238021662346405
"1959",2.546356229,-0.213415325637498
"1960",2.6687466,-0.209525540919728
"1961",3.041543647,-0.186063026394678
"1962",3.130563353,-0.198157039838465
"1963",3.473578,-0.167490578026222
"1964",3.542444765,-0.155498716912472
"1965",3.347947543,-0.147083241586535
"1966",3.4825592,-0.159777109299379
"1967",3.786971706,-0.128506990398379
"1968",3.402735571,-0.123391562994622
"1969",3.328657,-0.0939466311096443
"1970",1.344307,-0.206061763470621
"1971",1.745133857,-0.244142522159846
"1972",1.892394,-0.303443093794944
"1973",1.949544706,-0.352334791432959
"1974",2.246223086,-0.36053607324132
"1975",2.598924735,-0.369295769638769
"1976",2.75383,-0.368939637912266
"1977",3.27238,-0.358714126485147
"1978",2.7113476,-0.325759123661711
"1979",2.460776853,-0.309706713028342
"1980",2.657990286,-0.296236948086476
"1981",2.921958725,-0.293837820374861
"1982",3.04398742,-0.283771082182381
"1983",3.071567,-0.285201756081361
"1984",2.626901,-0.260537883350364
"1985",2.557531294,-0.237492255531266
"1986",2.945394114,-0.230170537503042
"1987",3.0530885,-0.225067905810996
"1988",3.136065514,-0.202470309739915
"1989",3.269698543,-0.179540771532132
"1990",3.257153941,-0.17585569099466
"1991",3.044434771,-0.154881390279861
"1992",3.342732486,-0.167794967251153
"1993",3.148557353,-0.158827747719357
"1994",2.786703686,-0.130392316655704
"1995",2.628697971,-0.11894562578991
"1996",2.722857176,-0.129207732331552
"1997",2.911107143,-0.149388677904622
"1998",2.955450882,-0.128530097428771
"1999",2.661711857,-0.117848702474703
"2000",2.612027571,-0.0973211853302713
"2001",2.236033629,-0.0824874436717341
"2002",2.490184765,-0.0694729233707818
"2003",2.758672657,-0.0568278056681809
"2004",2.907829118,-0.0464196298290141
"2005",3.163520629,-0.0541783606285128
"2006",3.355408086,-0.0240730496049223
"2007",3.776908943,-0.0170200442670405
"2008",3.104572529,0.00493238513071381
"2009",3.040204943,0.00553363664799982
"2010",3.270880206,0.0122578321965085
"2011",2.239478429,0.0156070575266321
"2012",0.579962143,-2.39192425626346
"2013",0.402118824,-1.64763727589606
"2014",0.570302886,-1.32222151046971
"2015",0.517829457,-1.8050073847807
"2016",0.189634353,-1.64072914448346
"2017",0.948347657,-1.53452544845254
"2018",0.8066912,-1.34311055596237
"2019",0.068878471,-2.12627121668183
"2020",0.282264143,-2.48193728681379
"2021",1.279303176,-1.7371238439316
"2022",0.874634941,-1.47909846908172
"2023",0.593065029,-1.36160240848808
"2024",1.840847314,-1.217083726959
"2025",1.907519676,-1.12204238700759
"2026",1.803937857,-1.03037619954535
"2027",2.033222882,-0.956946874232072
"2028",1.680598229,-0.899167533344042
"2029",2.211684371,-0.856479125116152
"2030",2.742770514,-0.80772022129074
"2031",2.541038529,-0.766699166200143
"2032",3.182420943,-0.725094774900517
"2033",3.199735,-0.697879648277052
"2034",2.823811686,-0.663162460978329
"2035",2.7661846,-0.641084645925459
"2036",2.417618059,-0.591460746142634
"2037",2.893878647,-0.583524470388618
"2038",2.735693514,-0.554860219508724
"2039",2.604825235,-0.529007273917632
"2040",2.672515714,-0.510189481901685
"2041",2.731380857,-0.49024735961846
"2042",2.787582235,-0.473429215182343
"2043",2.9682992,-0.44503804590186
"2044",2.855012412,-0.444320151346091
"2045",2.807474765,-0.433684451577509
"2046",2.562176457,-0.422334255111078
"2047",2.516764057,-0.419825114605372
"2048",2.588156,-0.420679200727224
"2049",2.735648829,-0.401446248458939
"2050",NA,-0.394155808491717
"2051",NA,-0.376859391760354
"2052",NA,-0.348087620898952
"2053",NA,-0.349791823553636
"2054",NA,-0.339902796575031
"2055",NA,-0.33227114390673
"2056",NA,-0.313488214346955
"2057",NA,-0.28696460207405
"2058",NA,-0.295071917795042
"2059",NA,-0.275062889543178
"2060",NA,-0.259319841603411
"2061",NA,-0.249200953131259
"2062",NA,-0.229637112307149
"2063",NA,-0.219741745603392
"2064",NA,-0.21592298385117
"2065",NA,-0.204217807121604
"2066",NA,-0.184423618628704
"2067",NA,-0.190726048738892
"2068",NA,-0.17048143076874
"2069",NA,-0.164177570222953
"2070",NA,-0.150458417956142
"2071",NA,-0.152717378278123
"2072",NA,-0.127955427395859
"2073",NA,-0.118722261622348
"2074",NA,-0.120313778964585
"2075",NA,-0.107927695442246
"2076",NA,-0.101403215054062
"2077",NA,-0.10388132372804
"2078",NA,-0.10517991139844
"2079",NA,-0.0950520989096279
"2080",NA,-0.09167374494234
"2081",NA,-0.0853728381812442
"2082",NA,-0.0790661124426977
"2083",NA,-0.0682677886681722
"2084",NA,-0.0682677886681722
"2085",NA,-0.0561020829809971
"2086",NA,-0.0581373162605917
"2087",NA,-0.0453023525394374
"2088",NA,-0.0317973507431381
"2089",NA,-0.0606222270663968
"2090",NA,-0.0317973507431381
"2091",NA,-0.0218899268933843
"2092",NA,-0.0221145722667831
"2093",NA,-0.00860205312085584
"2094",NA,-0.0146864714487218
"2095",NA,-0.00162839650715495
"2096",NA,0.00602558997136476
"2097",NA,0.0249504841672378
"2098",NA,0.0238107900046128
"2099",NA,0.0364256719173046
"2100",NA,0.0276360686658526
"2101",NA,0.0530930513522495
"2102",NA,0.0663868564627275
"2103",NA,0.0659359926689271
"2104",NA,0.079230551891224
"2105",NA,0.0749355912131559
"2106",NA,0.0967976645148912
"2107",NA,0.103337356786195
"2108",NA,0.114819065766839
"2109",NA,0.117749931076893
"2110",NA,0.139843361131141
"2111",NA,0.124961336026954
"2112",NA,0.128789224909049
"2113",NA,0.122257674452459
"2114",NA,0.137808689654048
"2115",NA,0.122257674452459
"2116",NA,0.135104541904311
"2117",NA,0.123155197164414
"2118",NA,0.120224997374247
"2119",NA,0.126312944253979
"2120",NA,0.11593425237572
"2121",NA,0.130811625323038
"2122",NA,0.130811625323038
"2123",NA,0.124269821970794
"2124",NA,0.136899738582741
"2125",NA,0.133741991493178
"2126",NA,0.140728277859271
"2127",NA,0.1317099648094
"2128",NA,0.1317099648094
"2129",NA,0.155836406862582
"2130",NA,0.153349132164712
"2131",NA,0.162596193907021
"2132",NA,0.153122414604394
"2133",NA,0.165754479030521
"2134",NA,0.170254361492621
"2135",NA,0.173412646616121
"2136",NA,0.171617039389708
"2137",NA,0.189194608022242
"2138",NA,0.171380159686448
"2139",NA,0.195058166661258
"2140",NA,0.189194608022242
"2141",NA,0.189194608022242
"2142",NA,0.193922549888328
"2143",NA,0.21602416281209
"2144",NA,0.219627468983373
"2145",NA,0.225718663513721
"2146",NA,0.234505760261704
"2147",NA,0.244201131757212
"2148",NA,0.253679744722133
"2149",NA,0.266980555077651
"2150",NA,0.261342691950553
"2151",NA,0.286385155143448
"2152",NA,0.301042290706227
"2153",NA,0.319096790768637
"2154",NA,0.331059329224207
"2155",NA,0.338952010460225
"2156",NA,0.338724884512704
"2157",NA,0.351143055601003
"2158",NA,0.34843652883375
"2159",NA,0.357011931916776
"2160",NA,0.367840042027784
"2161",NA,0.367613043566216
"2162",NA,0.370774727594849
"2163",NA,0.373936593128908
"2164",NA,0.377316455319833
"2165",NA,0.380251640026814
"2166",NA,0.284825304015294
"2167",NA,0.260683647918211
"2168",NA,0.193245340188172
"2169",NA,0.126748429784687
"2170",NA,0.0868595338368636
"2171",NA,0.0620766558114123
"2172",NA,0.058248985167983
"2173",NA,0.0436109616941544
"2174",NA,0.0303162857897974
"2175",NA,0.0382158966435956
"2176",NA,0.0276227993229193
"2177",NA,0.0402469898709087
"2178",NA,0.0298815176376682
"2179",NA,0.0328105527680356
"2180",NA,0.0328105527680356
"2181",NA,0.0461048959124479
"2182",NA,0.0400195441281172
"2183",NA,0.0551199634724826
"2184",NA,0.060979200553796
"2185",NA,0.0508404566847671
"2186",NA,0.0519634674738735
"2187",NA,0.0875619274145451
"2188",NA,0.0799089759490954
"2189",NA,0.070438956401671
"2190",NA,0.0841787678750909
"2191",NA,0.112809526308579
"2192",NA,0.116636546557575
"2193",NA,0.131276653022216
"2194",NA,0.129243310424118
"2195",NA,0.147282468956677
"2196",NA,0.170946746342659
"2197",NA,0.174775503857852
"2198",NA,0.183570591166031
"2199",NA,0.20341044339842
"2200",NA,0.219876928741113
"2201",NA,0.222355614343044
"2202",NA,0.240164040588177
"2203",NA,0.240391064979092
"2204",NA,0.237231349419993
"2205",NA,0.258886469805573
"2206",NA,0.262046364709317
"2207",NA,0.271527125488417
"2208",NA,0.279188335450641
"2209",NA,0.287762995225742
"2210",NA,-0.169792469227262
"2211",NA,-1.50541371798829
"2212",NA,-1.26924611884513
"2213",NA,-1.10666267454188
"2214",NA,-1.05421133230178
"2215",NA,-1.56564165794212
"2216",NA,-1.35976714978002
"2217",NA,-1.21150509057833
"2218",NA,-1.09213973198896
"2219",NA,-1.01026997556494
"2220",NA,-0.947846252141223
"2221",NA,-0.863370531597753
"2222",NA,-0.813181807878226
"2223",NA,-0.791466751808837
"2224",NA,-0.72328969971848
"2225",NA,-0.691914955255552
"2226",NA,-0.665447283386362
"2227",NA,-0.653582405652585
"2228",NA,-0.610059812178919
"2229",NA,-0.590756144254101
"2230",NA,-0.560240927367786
"2231",NA,-0.537116658867942
"2232",NA,-0.522540342916582
"2233",NA,-0.492900107497234
"2234",NA,-0.494934895656385
"2235",NA,-0.453371919006371
"2236",NA,-0.440564416623653
"2237",NA,-0.416982814958124
"2238",NA,-0.414316137274468
"2239",NA,-0.389584331417974
"2240",NA,-0.368472275259832
"2241",NA,-0.346914824239162
"2242",NA,-0.352322583865479
"2243",NA,-0.339059075035292
"2244",NA,-0.288235088815474
"2245",NA,-0.267782969091341
"2246",NA,-0.241025621048406
"2247",NA,-0.231355025043219
"2248",NA,-0.236090829983551
"2249",NA,-0.195360865992851
"2250",NA,-0.18208465178301
"2251",NA,-0.166330851807674
"2252",NA,-0.149017686879424
"2253",NA,-0.139341812091502
"2254",NA,-0.126953621809782
"2255",NA,-0.133260347548327
"2256",NA,-0.10963618718252
"2257",NA,-0.0920915380158044
"2258",NA,-0.10266205735825
"2259",NA,-0.0788084179567516
"2260",NA,-0.0970565000357771
"2261",NA,-0.151980319960168
"2262",NA,-0.201957015094013
"2263",NA,-0.380008941489808
"2264",NA,-0.497671120168187
"2265",NA,-0.519651115815016
"2266",NA,-0.536262678010644
"2267",NA,-0.507289107690651
"2268",NA,-0.483018904698855
"2269",NA,-0.453371919006371
"2270",NA,-0.450448035172789
"2271",NA,-0.425272104991735
"2272",NA,-0.414058265604655
"2273",NA,-0.390025532208747
"2274",NA,-0.383063189433119
"2275",NA,-0.366877242330401
"2276",NA,-0.355434652090104
"2277",NA,-0.349143371598794
"2278",NA,-0.323064830071587
"2279",NA,-0.314985049155513
"2280",NA,-0.303058178676461
"2281",NA,-0.294760604216729
"2282",NA,-0.284201770366317
"2283",NA,-0.271382478774179
"2284",NA,-0.254962746203519
"2285",NA,-0.248660316093332
"2286",NA,-0.231130085803898
"2287",NA,-0.209076541566488
"2288",NA,-0.209076541566488
"2289",NA,-0.196504192424728
"2290",NA,-0.167700511181232
"2291",NA,-0.152871937263519
"2292",NA,-0.161654059898583
"2293",NA,-0.127205918670155
"2294",NA,-0.11144767181194
"2295",NA,-0.104031280254481
"2296",NA,-0.0734267021979425
"2297",NA,-0.0578800841813199
"2298",NA,-0.0538320508281755
"2299",NA,-0.0333517156537868
"2300",NA,-0.0180268821393604
"2301",NA,-0.01127445686847
"2302",NA,0.00245745479746414
"2303",NA,0.00628099403172809
"2304",NA,0.0159646541058556
"2305",NA,0.0188948560568032
"2306",NA,0.036011435485831
"2307",NA,0.0416467164821997
"2308",NA,0.0459227076827215
"2309",NA,0.048627443164306
"2310",NA,0.0465908399509191
"2311",NA,0.055382936741166
"2312",NA,0.0659638753592389
"2313",NA,0.0792591757286837
"2314",NA,0.0869103877671576
"2315",NA,0.0959299799981091
"2316",NA,0.106070512992027
"2317",NA,0.102244581775572
"2318",NA,0.108551000683522
"2319",NA,0.100207952632838
"2320",NA,0.088248942729134
"2321",NA,0.132434296774771
"2322",NA,0.135592043864335
"2323",NA,0.135592043864335
"2324",NA,0.135592043864335
"2325",NA,0.121376413762147
"2326",NA,0.146178058151933
"2327",NA,0.149561896175948
"2328",NA,0.143020311062368
"2329",NA,0.163307066380922
"2330",NA,0.1454808806944
"2331",NA,0.1635253072058
"2332",NA,0.172999622381584
"2333",NA,0.182918666900007
"2334",NA,0.193507954767565
"2335",NA,0.207482716368731
"2336",NA,0.22732528037858
"2337",NA,0.240406942382101
"2338",NA,0.240406942382101
"2339",NA,0.258216086005811
"2340",NA,0.274460648556459
"2341",NA,0.278961425581006
"2342",NA,0.300405798722766
"2343",NA,0.307397878136963
"2344",NA,0.320486048406389
"2345",NA,0.336952557517648
"2346",NA,0.325214807046881
"2347",NA,0.359302046348252
"2348",NA,0.369231650592927
"2349",NA,0.231222713928041
"2350",NA,0.217234631125251
"2351",NA,0.16671902910248
"2352",NA,0.148469196792585
"2353",NA,0.116697871622187
"2354",NA,0.0907639078079993
"2355",NA,0.083106611016277
"2356",NA,0.0781432609373295
"2357",NA,0.0772417494276119
"2358",NA,0.073181622195232
"2359",NA,0.0713805179474184
"2360",NA,0.0522239860977816
"2361",NA,0.073407749862922
"2362",NA,0.0691184007275343
"2363",NA,0.0788007816205812
"2364",NA,0.0788007816205812
"2365",NA,0.0846570281839626
"2366",NA,0.0846570281839626
"2367",NA,0.0776717617054863
"2368",NA,0.0844269354870773
"2369",NA,0.0875853999552211
"2370",NA,0.102688976197489
"2371",NA,0.0787796383995105
"2372",NA,0.099969104460043
"2373",NA,0.115303603138276
"2374",NA,0.116640829221261
"2375",NA,0.116640829221261
"2376",NA,0.131976529292535
"2377",NA,0.129715498944415
"2378",NA,0.138505102195865
"2379",NA,0.138945726058686
"2380",NA,0.14526318870735
"2381",NA,0.148422189048649
"2382",NA,0.155849983036112
"2383",NA,0.168029394543548
"2384",NA,0.166895093684938
"2385",NA,0.195754335035067
"2386",NA,0.199583745105473
"2387",NA,0.219654470075914
"2388",NA,0.236337802541126
"2389",NA,0.239957612741283
"2390",NA,0.23679664393045
"2391",NA,0.256412911731857
"2392",NA,0.281455603967311
"2393",NA,0.296576734376975
"2394",NA,0.305597515036298
"2395",NA,0.326356573396427
"2396",NA,0.31822689577509
"2397",NA,0.324991771453727
"2398",NA,0.355243094579568
"2399",NA,0.345085381232994
"2400",NA,0.351851419410655
"2401",NA,0.359516106066051
"2402",NA,0.365841803442923
"2403",NA,0.377807984971638
"2404",NA,0.377807984971638
"2405",NA,0.384575341224399
"2406",NA,0.384575341224399
"2407",NA,0.385245111362965
"2408",NA,0.382310423635122
"2409",NA,0.391571523957637
"2410",NA,0.394278102583583
"2411",NA,0.397213287290562
"2412",NA,0.408043009342594
"2413",NA,0.386585840068469
"2414",NA,0.392911537445339
"2415",NA,0.408043009342594
"2416",NA,0.404879713372936
"2417",NA,0.41481189974834
"2418",NA,0.419544275532631
"2419",NA,0.420683101062158
"2420",NA,0.42835083009418
"2421",NA,0.431957576225397
"2422",NA,0.420455655319368
"2423",NA,0.437613810294297
"2424",NA,0.444384018775142
"2425",NA,0.437613810294297
"2426",NA,0.454090959080627
"2427",NA,0.443713660904728
"2428",NA,0.426984930475825
"2429",NA,0.43601942992008
"2430",NA,0.461760425378847
"2431",NA,0.478922798194096
"2432",NA,0.485023683817598
"2433",NA,0.502632050031115
"2434",NA,0.503088488634356
"2435",NA,0.526801126411836
"2436",NA,0.536511787578504
"2437",NA,0.537869327143479
"2438",NA,0.563623516317919
"2439",NA,0.558886179385382
"2440",NA,0.576059879003377
"2441",NA,0.585544064616958
"2442",NA,0.593448725210934
"2443",NA,0.611763385207962
"2444",NA,0.617868964043131
"2445",NA,0.397903483271622
"2446",NA,0.359959400651533
"2447",NA,-0.188215070931866
"2448",NA,-0.52709118518714
"2449",NA,-0.729094949740164
"2450",NA,-0.789624880146416
"2451",NA,-0.756227212361014
"2452",NA,-0.718567870695767
"2453",NA,-0.663605923828526
"2454",NA,-0.631766789096179
"2455",NA,-0.593189840279545
"2456",NA,-0.570083599157668
"2457",NA,-0.532121538857525
"2458",NA,-0.489906153927024
"2459",NA,-0.459599013561867
"2460",NA,-0.442755645171723
"2461",NA,-0.420063255862683
"2462",NA,-0.40277990536104
"2463",NA,-0.371778487303572
"2464",NA,-0.352228134061059
"2465",NA,-0.356977143520957
"2466",NA,-0.318744631496523
"2467",NA,-0.30570185703001
"2468",NA,-0.296036299961108
"2469",NA,-0.275361529262457
"2470",NA,-0.26546795168359
"2471",NA,-0.263687889100242
"2472",NA,-0.239162591039459
"2473",NA,-0.218254620443932
"2474",NA,-0.214437600279467
"2475",NA,-0.215808741947319
"2476",NA,-0.206138145942132
"2477",NA,-0.18837781215192
"2478",NA,-0.148074193597383
"2479",NA,-0.133462914083412
"2480",NA,-0.116586935218828
"2481",NA,-0.106019151422409
"2482",NA,-0.0862121776010386
"2483",NA,-0.063020114664699
"2484",NA,-0.0456987690277142
"2485",NA,-0.0227286288834182
"2486",NA,-0.0132586071752132
"2487",NA,0.00926092630796402
"2488",NA,0.0295364045216872
"2489",NA,0.0478008220888379
"2490",NA,0.0804691837959478
"2491",NA,0.0842929434296561
"2492",NA,0.0831490163012573
"2493",NA,0.0919411130915042
"2494",NA,0.098696552648893
"2495",NA,0.121020818707952
"2496",NA,0.135655722017119
