,Rsoil,RsoilMOD,,,,,
1,3.449,3.587246988,,,,,
2,3.506828571,3.586176695,,,,,
3,3.405342857,3.627213581,,,,,
4,3.369705882,3.616620527,,,,,
5,3.484971429,3.61651549,,,,,
6,3.389942857,3.607771124,,,,,
7,3.284514286,3.629732302,,,,,
8,3.362882353,3.617338323,,,,,
9,3.281285714,3.625807302,,,,,
10,3.248142857,3.690545979,,,,,
11,3.333617647,3.695603365,,,,,
12,3.403371429,3.684728286,,,,,
13,3.315913043,3.372487093,,,,,
14,3.245478261,3.699913282,,,,,
15,3.175043478,3.716340866,,,,,
16,3.428742857,3.72430645,,,,,
17,3.484,3.724970035,,,,,
18,3.4432,3.714409944,,,,,
19,3.493257143,3.731316542,,,,,
20,3.616705882,3.73671987,,,,,
21,3.529914286,3.742904463,,,,,
22,3.056771429,3.743346153,,,,,
23,3.297857143,3.762057473,,,$Dim.1,,
24,3.452647059,3.762586458,,,$Dim.1$quanti,,
25,3.393285714,3.772407056,,,,correlation,p.value
26,3.415823529,3.54266952,,,ETo,0.83565154,0.00E+00
27,3.508942857,3.683443225,,,Ta,0.83130243,0.00E+00
28,3.424428571,3.669049799,,,Tsoil_surf,0.68640787,0.00E+00
29,3.359852941,3.634572402,,,GPP,0.65371747,0.00E+00
30,3.535441176,3.612352264,,,Ws,0.64909674,0.00E+00
31,3.431114286,3.678429299,,,Rain,-0.06836047,6.32E-04
32,3.3642,3.690898788,,,Tsoil_10cm,-0.16777402,3.24E-17
33,3.453,3.70308764,,,SWC15cm,-0.16839193,2.47E-17
34,3.511342857,3.705690718,,,Ca26m,-0.5351718,5.32E-185
35,3.364058824,3.743921119,,,Rh,-0.56603506,1.88E-211
36,3.151057143,3.700244243,,,CO2_amb,-0.72405562,0.00E+00
37,3.136485714,3.734181845,,,,,
38,3.121914286,3.559150389,,,,,
39,3.269352941,3.580294807,,,$Dim.2,,
40,3.424571429,3.768112899,,,$Dim.2$quanti,,
41,3.530428571,3.718878908,,,,correlation,p.value
42,3.488117647,3.78343269,,,SWC15cm,0.64633952,0.00E+00
43,3.2652,3.838537295,,,Rain,0.49421198,0.00E+00
44,3.247485714,3.824418886,,,ETo,0.12453653,4.29E-10
45,3.412057143,3.844380682,,,Ws,0.09623819,1.46E-06
46,3.449294118,3.829344076,,,GPP,0.0858861,1.73E-05
47,3.487314286,3.67401019,,,Ca26m,0.06658191,8.73E-04
48,3.661,3.699477149,,,Ta,-0.06708063,7.98E-04
49,3.814257143,3.645389722,,,Rh,-0.33796415,9.74E-68
50,3.826485714,3.763013486,,,Tsoil_surf,-0.42395405,1.88E-109
51,3.876323529,3.765043565,,,Tsoil_10cm,-0.65049755,2.74E-300
52,3.919558824,3.82870857,,,,,
53,3.718,3.856598004,,,,,
54,3.833714286,3.844327443,,,$Dim.3,,
55,3.498617647,3.843586854,,,$Dim.3$quanti,,
56,3.394285714,3.719847004,,,,correlation,p.value
57,3.769428571,3.707186446,,,Rain,0.61178233,0.00E+00
58,3.954029412,3.851961688,,,Tsoil_10cm,0.48324907,0.00E+00
59,3.785428571,3.847336359,,,Tsoil_surf,0.42620521,0.00E+00
60,3.768285714,3.712136471,,,SWC15cm,0.42529656,0.00E+00
61,3.640768551,3.718830367,,,Rh,0.11045046,3.16E-08
62,3.496270725,3.673973289,,,GPP,0.06461897,1.24E-03
63,3.412621629,3.72736952,,,Ta,-0.09003651,6.63E-06
64,3.477547235,3.722374388,,,ETo,-0.18321116,2.79E-20
65,3.600692257,3.715445283,,,Ws,-0.20849682,6.47E-26
66,3.480299771,3.859440556,,,Ca26m,-0.21320134,4.76E-27
67,3.515497486,3.686705327,,,CO2_amb,-0.23675539,3.85E-33
68,3.597496588,3.86939102,,,,,
69,3.457501457,3.882200564,,,,,
70,3.459545824,3.885300157,,,,,
71,3.416114571,3.878995345,,,,,
72,3.332183429,3.872347494,,,,,
73,3.436927,3.877878927,,,,,
74,3.297836,3.908056245,,,,,
75,3.478586,3.895333447,,,,,
76,3.111873314,3.887349405,,,,,
77,3.509129147,3.864600587,,,,,
78,3.888408771,3.795851211,,,,,
79,3.860592771,3.843073446,,,,,
80,3.732128206,3.785564112,,,,,
81,3.825978429,3.742545392,,,,,
82,3.779512714,3.826144048,,,,,
83,3.625061824,3.870912359,,,,,
84,3.602566371,3.872538579,,,,,
85,3.641400257,3.80224538,,,,,
86,3.779423765,3.624665902,,,,,
87,3.791555429,3.685297896,,,,,
88,3.442159714,3.773922809,,,,,
89,3.502884,3.838341409,,,,,
90,3.962963118,3.80963403,,,,,
91,3.818255514,3.774925802,,,,,
92,3.0506246,3.738418793,,,,,
93,2.586012529,3.189796386,,,,,
94,2.524099971,2.981625278,,,,,
95,2.370983529,2.628355406,,,,,
96,2.226606886,1.63008748,,,,,
97,2.145625743,1.664746682,,,,,
98,2.2972982,1.677066732,,,,,
99,2.288319441,1.769819693,,,,,
100,2.462421029,1.868867976,,,,,
101,2.556358,1.997725101,,,,,
102,2.440959029,2.08852674,,,,,
103,2.457568571,2.096261045,,,,,
104,2.677892,2.171487194,,,,,
105,2.622190824,2.221362746,,,,,
106,2.5277628,2.368896556,,,,,
107,2.641653,2.332663656,,,,,
108,2.746771824,2.261998953,,,,,
109,2.792120686,2.297509853,,,,,
110,2.8798574,2.502875423,,,,,
111,2.963415765,2.55909383,,,,,
112,2.988477235,2.591648113,,,,,
113,2.9314872,2.432285189,,,,,
114,2.958293629,2.50209563,,,,,
115,2.943663647,2.525598158,,,,,
116,2.8718312,2.704693796,,,,,
117,2.815495559,2.73478421,,,,,
118,2.829584286,2.742399237,,,,,
119,2.863174,2.767991866,,,,,
120,3.050185429,2.791653232,,,,,
121,3.142344441,2.796159985,,,,,
122,3.0425484,2.81879102,,,,,
123,3.021246971,2.788277786,,,,,
124,3.016600118,2.760648087,,,,,
125,2.9084398,2.794661913,,,,,
126,3.112582371,2.697524381,,,,,
127,3.162552943,2.763013138,,,,,
128,3.230535441,2.698459812,,,,,
129,3.5699874,2.784128253,,,,,
130,3.592485,2.737306234,,,,,
131,3.4871106,2.840094252,,,,,
132,3.497069057,2.830351181,,,,,
133,3.404047941,2.817349206,,,,,
134,3.286275,2.750749221,,,,,
135,3.220473,2.828221277,,,,,
136,3.427212429,3.004124235,,,,,
137,3.362852059,3.00326378,,,,,
138,3.244246343,2.776239717,,,,,
139,3.3136535,2.990495846,,,,,
140,3.5223604,3.021332984,,,,,
141,3.653118743,3.065543164,,,,,
142,3.675989886,3.110989413,,,,,
143,3.775152206,3.153392565,,,,,
144,3.632224086,3.069892527,,,,,
145,3.514212314,3.083317866,,,,,
146,3.444023706,3.113904803,,,,,
147,3.342287857,3.135890692,,,,,
148,3.249674714,3.147130662,,,,,
149,3.305547571,3.162148705,,,,,
150,3.249354559,3.154317203,,,,,
151,3.211682143,3.166817538,,,,,
152,3.275485824,3.155541256,,,,,
153,3.251464286,3.029842185,,,,,
154,3.183644971,3.163585675,,,,,
155,3.239985824,2.98935669,,,,,
156,3.269126229,3.180270378,,,,,
157,3.266084657,3.063700773,,,,,
158,3.263043086,3.185643151,,,,,
159,3.248150059,3.188081795,,,,,
160,3.146842771,3.194970981,,,,,
161,3.103103457,3.216441528,,,,,
162,3.187837706,3.015035338,,,,,
163,3.228344514,3.063492077,,,,,
164,3.310023371,3.230983268,,,,,
165,3.286014824,3.251180798,,,,,
166,3.134232429,3.277066847,,,,,
167,3.059200714,3.297282382,,,,,
168,3.152641059,3.195403331,,,,,
169,3.353223886,3.253862396,,,,,
170,3.470218571,3.237909334,,,,,
171,3.332779588,2.562104448,,,,,
172,3.400897235,2.905400388,,,,,
173,3.508400486,2.932681711,,,,,
174,3.392850588,3.187313064,,,,,
175,3.4247612,3.232975082,,,,,
176,3.499713486,3.175209093,,,,,
177,3.452826588,3.261830215,,,,,
178,3.450712943,3.309970769,,,,,
179,3.336907514,3.298689424,,,,,
180,3.335550829,3.339099081,,,,,
181,3.196894529,3.322173529,,,,,
182,3.146489857,3.056177252,,,,,
183,3.255072286,3.190874027,,,,,
184,3.401101765,3.365383647,,,,,
185,3.385440343,3.418810009,,,,,
186,3.219137588,3.270745988,,,,,
187,3.574415235,3.25766634,,,,,
188,3.587962686,3.256737848,,,,,
189,3.614612171,3.330812144,,,,,
190,3.4602655,3.481253462,,,,,
191,3.2874852,3.327454144,,,,,
192,3.321098857,3.479928534,,,,,
193,3.422054265,3.395134303,,,,,
194,3.363526912,3.414942016,,,,,
195,3.259254886,3.388134635,,,,,
196,3.276775743,3.404760364,,,,,
197,3.126403706,3.413238444,,,,,
198,3.125089429,3.420652038,,,,,
199,3.276713824,3.394896626,,,,,
200,3.224272371,3.381220027,,,,,
201,3.242331143,3.383469192,,,,,
202,3.183595429,3.418277811,,,,,
203,3.450331647,3.427139777,,,,,
204,3.313461314,3.442387861,,,,,
205,3.261634638,3.447345927,,,,,
206,3.400998116,3.261656826,,,,,
207,3.537631143,3.458666132,,,,,
208,3.636283647,3.253905059,,,,,
209,3.460690118,3.44773293,,,,,
210,3.397681314,3.429716579,,,,,
211,3.4012544,3.429885873,,,,,
212,3.344392647,3.292262356,,,,,
213,3.262418,3.292983309,,,,,
214,3.166506286,3.288694618,,,,,
215,3.019975529,3.44893446,,,,,
216,2.951646229,3.349162661,,,,,
217,2.953483086,3.47681263,,,,,
218,3.101640514,3.492566293,,,,,
219,3.324719206,3.46196771,,,,,
220,3.397159829,3.441951127,,,,,
221,3.320267176,3.443039541,,,,,
222,3.2642232,3.482774776,,,,,
223,3.299586,3.41996782,,,,,
224,3.011856,3.433877705,,,,,
225,3.321781882,3.407776825,,,,,
226,3.430521229,3.434392674,,,,,
227,3.343284029,3.469427676,,,,,
228,3.298464,3.474300553,,,,,
229,3.441220857,3.367399517,,,,,
230,3.590095857,3.344060471,,,,,
231,3.271843,3.360824257,,,,,
232,3.517028588,3.50788897,,,,,
233,3.528892514,3.488418548,,,,,
234,3.520506382,3.484691083,,,,,
235,3.434062543,3.526815169,,,,,
236,3.327564086,3.588676466,,,,,
237,3.333534382,3.614768193,,,,,
238,3.457340971,3.625439514,,,,,
239,3.301420686,3.632961836,,,,,
240,3.2504724,3.627220714,,,,,
241,3.188171353,3.65649072,,,,,
242,3.368534743,3.621065678,,,,,
243,3.455735647,3.640268274,,,,,
244,3.333488571,3.65080931,,,,,
245,3.344711429,3.628896071,,,,,
246,3.40949,3.653237588,,,,,
247,3.375700294,3.630851334,,,,,
248,3.250789743,3.457616901,,,,,
249,3.2723186,3.673881732,,,,,
250,3.293850412,3.514567969,,,,,
251,3.2557736,3.513842729,,,,,
252,3.2014872,3.534896644,,,,,
253,3.100744783,3.532000518,,,,,
254,3.133936522,3.707285796,,,,,
255,3.167128261,3.730839291,,,,,
256,3.152450706,3.525106459,,,,,
257,3.217200429,3.730191098,,,,,
258,3.237421,3.552951709,,,,,
259,3.169063971,3.560119778,,,,,
260,3.14393,3.567935815,,,,,
261,3.04901,3.768231134,,,,,
262,3.096063714,3.801007501,,,,,
263,3.015411147,3.803238123,,,,,
264,3.0272246,3.806388394,,,,,
265,3.073240029,3.580481306,,,,,
266,3.106252794,3.658657117,,,,,
267,3.1700744,3.791564471,,,,,
268,3.322644882,3.790915891,,,,,
269,3.405638118,3.737787015,,,,,
270,3.2746566,3.756163316,,,,,
271,3.199085286,3.742851686,,,,,
272,3.335878353,3.777643372,,,,,
273,3.5105472,3.784221802,,,,,
274,3.458894571,3.805137729,,,,,
275,3.167167882,3.807086522,,,,,
276,3.198652,3.775454141,,,,,
277,3.588325429,3.76881025,,,,,
278,3.568834971,3.779617452,,,,,
279,3.630595,3.757792793,,,,,
280,3.665346829,3.573323914,,,,,
281,3.619566971,3.724817561,,,,,
282,3.637892,3.805972258,,,,,
283,3.743951143,3.70045196,,,,,
284,2.467678286,2.333285478,,,,,
285,1.892209941,0.498927912,,,,,
286,1.876156286,1.273986492,,,,,
287,2.177870914,1.85274454,,,,,
288,2.419058088,2.002128819,,,,,
289,2.421575771,2.116801515,,,,,
290,2.412902941,2.22367624,,,,,
291,2.48707,2.304893634,,,,,
292,2.688748,2.353933581,,,,,
293,2.478183143,2.401704279,,,,,
294,2.472671412,2.437424606,,,,,
295,2.469329286,2.466044672,,,,,
296,2.251868371,2.447491664,,,,,
297,1.982106824,2.223231665,,,,,
298,2.117201371,2.066553398,,,,,
299,2.120911943,1.963415585,,,,,
300,2.202758971,1.867007554,,,,,
301,2.29426113,2.29903818,,,,,
302,2.386117217,2.435462307,,,,,
303,2.414797294,2.335704794,,,,,
304,2.425491286,2.52295797,,,,,
305,2.562923743,2.543082977,,,,,
306,2.543954314,2.518444384,,,,,
307,2.552508176,2.556003238,,,,,
308,2.631938429,2.605270114,,,,,
309,2.701959857,2.625835927,,,,,
310,2.778810529,2.593629369,,,,,
311,2.755638314,2.700854407,,,,,
312,2.560133941,2.734447431,,,,,
313,2.504409114,2.535639898,,,,,
314,2.589250829,2.758295663,,,,,
315,2.730648286,2.77389569,,,,,
316,2.805704941,2.764684852,,,,,
317,2.865443371,2.761367255,,,,,
318,2.936255029,2.733169418,,,,,
319,2.993939529,2.752910663,,,,,
320,3.015178657,2.794918687,,,,,
321,3.120176086,2.785467272,,,,,
322,2.997904657,2.796541446,,,,,
323,3.173081353,2.813734929,,,,,
324,3.250112857,2.848448085,,,,,
325,3.254317294,2.778871529,,,,,
326,3.269950857,2.783721728,,,,,
327,3.286770571,2.795840436,,,,,
328,3.326969235,2.794032241,,,,,
329,3.311076294,2.857250768,,,,,
330,3.334102514,2.766952306,,,,,
331,3.316954,2.409204519,,,,,
332,3.214586,2.76740591,,,,,
333,3.195685057,2.954827831,,,,,
334,3.355321057,2.923692829,,,,,
335,3.484142971,2.974911508,,,,,
336,3.326982676,2.994357016,,,,,
337,3.422209943,3.018183875,,,,,
338,3.44332,2.986335636,,,,,
339,3.441090429,2.990482055,,,,,
340,3.413709,3.008473841,,,,,
341,3.293444118,3.043634361,,,,,
342,3.107709943,3.045755866,,,,,
343,3.206579429,3.085139831,,,,,
344,3.134052286,3.086017061,,,,,
345,3.077410706,3.077787065,,,,,
346,3.114317314,2.929399004,,,,,
347,3.225341,2.960521474,,,,,
348,3.338094057,3.124032309,,,,,
349,3.37882371,3.103566571,,,,,
350,3.327987623,3.143288374,,,,,
351,3.277151536,2.968015994,,,,,
352,3.411904486,3.157581623,,,,,
353,3.423542086,3.150533619,,,,,
354,3.368932676,3.162617897,,,,,
355,3.362592857,3.02734095,,,,,
356,3.413635714,3.185940188,,,,,
357,3.439947059,3.207703524,,,,,
358,3.446297314,2.97492051,,,,,
359,3.416336743,3.184132835,,,,,
360,3.222492294,3.206862894,,,,,
361,3.168430486,3.196369182,,,,,
362,3.298367,3.194994341,,,,,
363,3.484959588,3.194123165,,,,,
364,3.562053886,3.174706206,,,,,
365,3.495144629,3.188914012,,,,,
366,3.425320914,3.119955477,,,,,
367,,3.119411224,,,,,
368,,3.135612466,,,,,
369,,3.208735607,,,,,
370,,3.234439863,,,,,
371,,3.188158134,,,,,
372,,3.191086211,,,,,
373,,3.209132844,,,,,
374,,3.255747851,,,,,
375,,3.286427487,,,,,
376,,3.178020781,,,,,
377,,3.315531678,,,,,
378,,3.388566931,,,,,
379,,3.441167546,,,,,
380,,3.490110404,,,,,
381,,3.291569588,,,,,
382,,3.464985593,,,,,
383,,3.433155768,,,,,
384,,3.450521752,,,,,
385,,3.339002833,,,,,
386,,3.364370109,,,,,
387,,2.959246318,,,,,
388,,3.286288653,,,,,
389,,3.386989284,,,,,
390,,3.391223278,,,,,
391,,3.356521065,,,,,
392,,3.20162471,,,,,
393,,3.068345596,,,,,
394,,2.921225321,,,,,
395,,3.132018377,,,,,
396,,3.061793096,,,,,
397,,3.270246397,,,,,
398,,3.280522379,,,,,
399,,3.41182399,,,,,
400,,3.422731748,,,,,
401,,3.428693844,,,,,
402,,3.25735832,,,,,
403,,3.453003415,,,,,
404,,3.250961281,,,,,
405,,3.258727223,,,,,
406,,3.288960321,,,,,
407,,3.442684,,,,,
408,,3.446527228,,,,,
409,,3.335122773,,,,,
410,,3.371156704,,,,,
411,,3.464513073,,,,,
412,,3.486539435,,,,,
413,,3.451113958,,,,,
414,,3.470886954,,,,,
415,,3.484104755,,,,,
416,,3.551434221,,,,,
417,,3.5758737,,,,,
418,,3.618186951,,,,,
419,,3.571901767,,,,,
420,,3.471315502,,,,,
421,,3.585704615,,,,,
422,,3.465881494,,,,,
423,,3.550003226,,,,,
424,,3.575836418,,,,,
425,,3.609175147,,,,,
426,,3.627356503,,,,,
427,,3.661503192,,,,,
428,,3.666456968,,,,,
429,,3.645135399,,,,,
430,,3.650621639,,,,,
431,,3.680430679,,,,,
432,,3.572305447,,,,,
433,,3.663703201,,,,,
434,,3.580240831,,,,,
435,,3.471660817,,,,,
436,,3.492984718,,,,,
437,,3.575082228,,,,,
438,,3.437882908,,,,,
439,,3.445479948,,,,,
440,,3.58667141,,,,,
441,,3.497335876,,,,,
442,,3.517561459,,,,,
443,,3.622950524,,,,,
444,,3.607815569,,,,,
445,,3.522561005,,,,,
446,,3.516540127,,,,,
447,,3.616095266,,,,,
448,,3.620947515,,,,,
449,,3.635537055,,,,,
450,,3.596925376,,,,,
451,,3.619685357,,,,,
452,,3.622961878,,,,,
453,,3.627838822,,,,,
454,,3.631582632,,,,,
455,,3.63154094,,,,,
456,,3.641129335,,,,,
457,,3.635239991,,,,,
458,,3.65201046,,,,,
459,,3.653745078,,,,,
460,,3.618290705,,,,,
461,,3.624169787,,,,,
462,,3.697403218,,,,,
463,,3.68082135,,,,,
464,,3.595961498,,,,,
465,,3.616070781,,,,,
466,,3.617029367,,,,,
467,,3.653559573,,,,,
468,,3.640254925,,,,,
469,,3.516151519,,,,,
470,,3.678189433,,,,,
471,,3.599575034,,,,,
472,,3.595520914,,,,,
473,,3.703161227,,,,,
474,,3.697725786,,,,,
475,,3.86677135,,,,,
476,,3.698002989,,,,,
477,,3.689142206,,,,,
478,,3.697309092,,,,,
479,,3.706623344,,,,,
480,,3.608057634,,,,,
481,,1.765574203,,,,,
482,,0.975626009,,,,,
483,,1.301361023,,,,,
484,,1.102730427,,,,,
485,,1.125832133,,,,,
486,,1.114233064,,,,,
487,,1.598218626,,,,,
488,,1.807776756,,,,,
489,,1.88738495,,,,,
490,,2.026116468,,,,,
491,,1.993497275,,,,,
492,,2.055132635,,,,,
493,,2.219728172,,,,,
494,,2.133626745,,,,,
495,,2.316508584,,,,,
496,,2.357034382,,,,,
497,,2.408396982,,,,,
498,,2.323811708,,,,,
499,,2.472800284,,,,,
500,,2.510433556,,,,,
501,,2.520346836,,,,,
502,,2.413787876,,,,,
503,,2.5551901,,,,,
504,,2.43362284,,,,,
505,,2.595039887,,,,,
506,,2.620669475,,,,,
507,,2.538020063,,,,,
508,,2.515210004,,,,,
509,,2.490720883,,,,,
510,,2.518979534,,,,,
511,,2.537459479,,,,,
512,,2.604714787,,,,,
513,,2.557398925,,,,,
514,,2.625979196,,,,,
515,,2.692404544,,,,,
516,,2.594636497,,,,,
517,,2.622102076,,,,,
518,,2.782732093,,,,,
519,,2.731810824,,,,,
520,,2.583031093,,,,,
521,,2.674764642,,,,,
522,,2.703603932,,,,,
523,,2.538335981,,,,,
524,,2.288190688,,,,,
525,,1.539464572,,,,,
526,,1.619159935,,,,,
527,,1.304310218,,,,,
528,,1.684827794,,,,,
529,,1.69691635,,,,,
530,,1.84135179,,,,,
531,,1.541422187,,,,,
532,,1.677636229,,,,,
533,,2.142595305,,,,,
534,,2.192920057,,,,,
535,,2.277303049,,,,,
536,,2.206257949,,,,,
537,,2.086164603,,,,,
538,,2.152446494,,,,,
539,,2.275819247,,,,,
540,,2.317446638,,,,,
541,,2.362332303,,,,,
542,,2.323970665,,,,,
543,,2.355943401,,,,,
544,,2.265223344,,,,,
545,,2.304345337,,,,,
546,,2.40028231,,,,,
547,,2.565037067,,,,,
548,,2.599942712,,,,,
549,,2.618344513,,,,,
550,,2.629003132,,,,,
551,,2.468168442,,,,,
552,,2.654054947,,,,,
553,,2.677502399,,,,,
554,,2.674694859,,,,,
555,,2.665266659,,,,,
556,,2.674930854,,,,,
557,,2.686466175,,,,,
558,,2.68756887,,,,,
559,,2.703589118,,,,,
560,,2.758331046,,,,,
561,,2.685677721,,,,,
562,,2.732647197,,,,,
563,,2.783464536,,,,,
564,,2.74072369,,,,,
565,,2.763853968,,,,,
566,,2.663095055,,,,,
567,,2.873776514,,,,,
568,,2.862002003,,,,,
569,,2.91792384,,,,,
570,,2.933229233,,,,,
571,,3.005457639,,,,,
572,,2.993493481,,,,,
573,,2.91077385,,,,,
574,,2.872212037,,,,,
575,,2.905157054,,,,,
576,,2.934900328,,,,,
577,,2.904097962,,,,,
578,,2.749387659,,,,,
579,,2.559360214,,,,,
580,,2.535336078,,,,,
581,,2.495849735,,,,,
582,,2.486116695,,,,,
583,,2.375640466,,,,,
584,,2.536402851,,,,,
585,,2.516871162,,,,,
586,,2.473594851,,,,,
587,,2.601856164,,,,,
588,,2.522745116,,,,,
589,,2.539158706,,,,,
590,,2.620937813,,,,,
591,,2.671849152,,,,,
592,,2.677976198,,,,,
593,,2.535641719,,,,,
594,,2.736827375,,,,,
595,,2.725613348,,,,,
596,,2.749236021,,,,,
597,,2.761376982,,,,,
598,,2.603533858,,,,,
599,,2.638347867,,,,,
600,,2.789950997,,,,,
601,,2.815899128,,,,,
602,,2.680479766,,,,,
603,,2.761184715,,,,,
604,,2.766541148,,,,,
605,,2.795254022,,,,,
606,,2.856540816,,,,,
607,,2.814440823,,,,,
608,,2.869143508,,,,,
609,,2.752172728,,,,,
610,,2.878442144,,,,,
611,,2.821337203,,,,,
612,,2.879659548,,,,,
613,,2.886999586,,,,,
614,,2.834433349,,,,,
615,,2.795608759,,,,,
616,,2.950184206,,,,,
617,,2.973573392,,,,,
618,,3.000012776,,,,,
619,,3.061290676,,,,,
620,,3.118233403,,,,,
621,,3.108956593,,,,,
622,,3.148088141,,,,,
623,,3.145135082,,,,,
624,,3.144144877,,,,,
625,,3.135204618,,,,,
626,,3.079328723,,,,,
627,,3.113679554,,,,,
628,,3.115598716,,,,,
629,,3.124483363,,,,,
630,,3.128000847,,,,,
631,,2.87001693,,,,,
632,,3.122334547,,,,,
633,,3.127080563,,,,,
634,,2.894933183,,,,,
635,,2.950238743,,,,,
636,,3.120860345,,,,,
637,,3.034852408,,,,,
638,,3.020026954,,,,,
639,,3.148165392,,,,,
640,,3.176022359,,,,,
641,,2.964933655,,,,,
642,,3.184043368,,,,,
643,,3.191010116,,,,,
644,,3.016581745,,,,,
645,,3.207310624,,,,,
646,,3.048652483,,,,,
647,,3.045341646,,,,,
648,,3.030856281,,,,,
649,,3.201302328,,,,,
650,,3.233444341,,,,,
651,,3.204227997,,,,,
652,,3.1209354,,,,,
653,,3.153520068,,,,,
654,,3.159794522,,,,,
655,,3.115986351,,,,,
656,,3.115470646,,,,,
657,,3.185762461,,,,,
658,,3.245436876,,,,,
659,,3.230403396,,,,,
660,,3.215738106,,,,,
661,,3.2087857,,,,,
662,,3.281823005,,,,,
663,,3.236340951,,,,,
664,,3.169197022,,,,,
665,,3.261333778,,,,,
666,3.674008588,3.376378586,,,,,
667,3.597510343,3.388828087,,,,,
668,3.886083771,3.424192818,,,,,
669,3.6384756,3.43085005,,,,,
670,3.7375825,3.456295884,,,,,
671,3.550046657,3.418515925,,,,,
672,3.461090824,3.42406491,,,,,
673,3.545322571,3.434538939,,,,,
674,3.293638714,3.356235671,,,,,
675,3.429027,3.396342794,,,,,
676,3.241827882,2.725795201,,,,,
677,3.543977714,3.142545544,,,,,
678,3.340882529,3.278877078,,,,,
679,3.311421086,3.267118106,,,,,
680,3.3585396,3.417044885,,,,,
681,3.153436853,3.37602477,,,,,
682,3.3069228,3.456054593,,,,,
683,3.2141508,3.30453488,,,,,
684,3.306752471,3.155834399,,,,,
685,3.366831171,3.481546772,,,,,
686,3.415468886,3.521857038,,,,,
687,3.503448765,3.514999718,,,,,
688,3.584902429,3.50742991,,,,,
689,3.539954382,3.523759297,,,,,
690,3.364249714,3.535759006,,,,,
691,2.793131143,3.418852326,,,,,
692,3.067808171,3.423322713,,,,,
693,3.370591029,3.422570738,,,,,
694,3.231279171,3.422544768,,,,,
695,3.742079118,3.602233376,,,,,
696,5.001356143,3.617198416,,,,,
697,4.4778792,3.604820941,,,,,
698,4.8299112,3.601649871,,,,,
699,5.371721765,3.579829581,,,,,
700,4.680152714,3.564073055,,,,,
701,4.683640618,3.598403383,,,,,
702,4.951857571,3.554567756,,,,,
703,4.859166714,3.53706683,,,,,
704,4.809368206,3.521122718,,,,,
705,5.338546571,3.499571393,,,,,
706,4.038843714,3.452503218,,,,,
707,4.958905824,3.553304527,,,,,
708,4.860531971,3.54042006,,,,,
709,4.938783943,3.561646901,,,,,
710,5.165840118,3.547131206,,,,,
711,4.739801429,3.554040444,,,,,
712,4.170762588,3.626447498,,,,,
713,4.949458471,3.653423957,,,,,
714,4.7583152,3.570894307,,,,,
715,4.6932908,3.592907632,,,,,
716,4.873743618,3.707934956,,,,,
717,4.934282571,3.670873194,,,,,
718,4.882157941,3.683584349,,,,,
719,5.041182314,3.721913231,,,,,
720,5.017988857,3.656351446,,,,,
721,4.512814571,3.645988276,,,,,
722,4.096304,3.684558188,,,,,
723,4.432287657,3.690715758,,,,,
724,4.703536,3.57450571,,,,,
725,4.654141571,3.682432666,,,,,
726,4.618890543,3.736594327,,,,,
727,4.846371412,3.718094772,,,,,
728,4.962545529,3.755872648,,,,,
729,4.560329343,3.77840168,,,,,
730,4.385583235,3.790254067,,,,,
731,4.331538857,3.805414683,,,,,
732,4.466865857,3.792427874,,,,,
733,4.631595754,3.797973187,,,,,
734,4.535754014,3.800962794,,,,,
735,4.4452005,3.813401867,,,,,
736,4.5080055,3.800539859,,,,,
737,4.450967143,3.643345284,,,,,
738,4.437161029,3.815495669,,,,,
739,4.4255315,3.82171558,,,,,
740,4.245446857,3.668497877,,,,,
741,3.991968471,3.794767927,,,,,
742,4.015063686,3.809268402,,,,,
743,3.538818829,3.819141024,,,,,
744,3.957035886,3.797636538,,,,,
745,4.197609647,3.821207502,,,,,
746,4.145230429,3.801455507,,,,,
747,4.1291155,3.725947464,,,,,
748,4.0700888,3.762236258,,,,,
749,3.855453029,3.736570242,,,,,
750,4.376088118,3.740584058,,,,,
751,4.279311647,3.718032496,,,,,
752,4.182336057,3.71523221,,,,,
753,3.979963353,3.663190795,,,,,
754,3.597966314,3.726033137,,,,,
755,3.533583257,3.781692258,,,,,
756,3.755435529,3.798265958,,,,,
757,3.360695486,3.807334051,,,,,
758,3.467896629,3.772014276,,,,,
759,3.479624971,3.803584631,,,,,
760,3.846548143,3.805113733,,,,,
761,3.723357857,3.847296573,,,,,
762,3.622893529,3.890139473,,,,,
763,3.536272743,3.84080847,,,,,
764,3.218291176,3.817292333,,,,,
765,3.920751257,3.846673326,,,,,
766,3.835210114,3.83587001,,,,,
767,3.719068714,3.751530155,,,,,
768,3.789997647,3.811590136,,,,,
769,3.889748171,3.794873553,,,,,
770,3.964717235,3.7894799,,,,,
771,3.9336054,3.78794934,,,,,
772,3.736505114,3.792405177,,,,,
773,4.112585971,3.604790557,,,,,
774,3.893899029,3.642830896,,,,,
775,3.550939429,3.594985823,,,,,
776,3.661314941,3.578039626,,,,,
777,3.852667771,3.748541532,,,,,
778,3.800553343,3.538623237,,,,,
779,3.610031118,3.732282912,,,,,
780,3.595958101,3.601724864,,,,,
781,3.461994623,3.731301355,,,,,
782,3.328031145,3.59906803,,,,,
783,3.442271657,3.722580362,,,,,
784,3.674857543,3.721389131,,,,,
785,3.734242324,3.561484343,,,,,
786,3.544944429,3.731704111,,,,,
787,3.400851824,3.752452619,,,,,
788,3.321148,3.737511825,,,,,
789,3.289650571,3.753836792,,,,,
790,3.225180286,3.760316908,,,,,
791,3.267727882,3.750085302,,,,,
792,3.818919971,3.767202752,,,,,
793,4.380090294,3.748304826,,,,,
794,4.3510736,3.771729531,,,,,
795,4.532227829,3.586256281,,,,,
796,4.184165257,3.576244776,,,,,
797,4.267349,3.594008163,,,,,
798,3.7321988,3.594534054,,,,,
799,3.445407941,3.644537018,,,,,
800,3.265229,3.643454181,,,,,
801,3.038674057,3.717866566,,,,,
802,3.205315176,3.667028287,,,,,
803,3.265969,3.714828371,,,,,
804,3.334741,3.712374803,,,,,
805,3.170364029,3.736788971,,,,,
806,2.9266924,3.763270926,,,,,
807,2.918191829,3.676051609,,,,,
808,3.208950941,3.693286526,,,,,
809,3.563011,3.768887216,,,,,
810,3.675219941,3.80184978,,,,,
811,3.944214059,3.801666156,,,,,
812,3.0752198,3.703441362,,,,,
813,3.197208543,3.822735771,,,,,
814,3.651581529,3.841590114,,,,,
815,4.0543908,3.837344484,,,,,
816,4.293422735,3.762847035,,,,,
817,4.209367,3.770690113,,,,,
818,3.679387,3.802898475,,,,,
819,3.940187286,3.806014352,,,,,
820,4.436279,3.82163865,,,,,
821,4.194671,3.817311725,,,,,
822,4.016023118,3.842323115,,,,,
823,4.063385514,3.841792524,,,,,
824,4.0272602,3.617562462,,,,,
825,4.249364294,3.838006687,,,,,
826,3.414993706,3.688677921,,,,,
827,3.903017,3.702660928,,,,,
828,3.837586324,3.703238174,,,,,
829,3.719264486,3.782036601,,,,,
830,3.6844842,3.583601545,,,,,
831,3.707667794,3.816633079,,,,,
832,3.816140857,3.839821797,,,,,
833,3.674816,3.663285482,,,,,
834,3.978646294,3.831816067,,,,,
835,3.692119343,3.702789773,,,,,
836,3.7673578,3.69169873,,,,,
837,3.951348412,3.842573465,,,,,
838,3.891137343,3.721915889,,,,,
839,3.639439176,3.871166801,,,,,
840,3.581623429,3.725136677,,,,,
841,3.406607714,3.875978104,,,,,
842,3.2351536,3.881186085,,,,,
843,3.481096324,3.793903909,,,,,
844,3.4416428,3.720265988,,,,,
845,3.341369647,3.763581717,,,,,
846,3.438274286,3.695803725,,,,,
847,3.507413714,3.729944658,,,,,
848,3.499216,3.754218558,,,,,
849,3.444548059,3.716765349,,,,,
850,3.730053914,3.755657746,,,,,
851,3.629322382,3.836928913,,,,,
852,3.460955571,3.731073769,,,,,
853,3.379507457,3.81825898,,,,,
854,3.261910147,3.845390606,,,,,
855,3.096373371,3.911202224,,,,,
856,3.342417086,3.745542267,,,,,
857,3.396841529,3.895452659,,,,,
858,3.561944886,3.948633934,,,,,
859,3.876004343,3.889021264,,,,,
860,3.623666471,3.877446032,,,,,
861,3.061314571,3.582634715,,,,,
862,3.2367935,3.773316587,,,,,
863,2.953897514,3.773161962,,,,,
864,2.824672943,3.737728735,,,,,
865,3.1101662,3.683118035,,,,,
866,3.334454265,3.644920729,,,,,
867,3.664921143,3.598870913,,,,,
868,3.881890118,3.762628588,,,,,
869,3.7743752,3.384664975,,,,,
870,3.692017229,3.751940127,,,,,
871,3.118079514,3.35681107,,,,,
872,3.421730765,3.730856265,,,,,
873,3.7964332,3.730300525,,,,,
874,3.802843324,3.524502588,,,,,
875,3.755240143,3.258699162,,,,,
876,3.846004714,3.714040234,,,,,
877,3.866683783,3.716062537,,,,,
878,3.757452478,3.595548299,,,,,
879,3.648221174,3.496907251,,,,,
880,3.708237235,3.482252806,,,,,
881,3.747184657,3.52902781,,,,,
882,3.577015543,3.51108095,,,,,
883,3.499032706,3.516656855,,,,,
884,3.591648543,3.479882577,,,,,
885,3.252415735,3.500768583,,,,,
886,3.677093088,3.515427512,,,,,
887,3.160301257,3.53251163,,,,,
888,3.408217314,3.538762126,,,,,
889,3.615899588,3.555981032,,,,,
890,3.638686429,3.73092771,,,,,
891,3.625409471,3.71963992,,,,,
892,3.600489686,3.672862905,,,,,
893,3.450114886,3.566817383,,,,,
894,3.368811457,3.536300494,,,,,
895,3.128205176,3.617855202,,,,,
896,3.502016743,3.629037047,,,,,
897,3.3058275,3.692059799,,,,,
898,2.771997057,3.728924792,,,,,
899,2.663137914,3.694872611,,,,,
900,2.674329059,3.702865912,,,,,
901,2.177899647,3.633866259,,,,,
902,2.747722057,3.609861937,,,,,
903,2.612592235,3.636382937,,,,,
904,,3.489944713,,,,,
905,,3.606664358,,,,,
906,,3.507323099,,,,,
907,,3.685717526,,,,,
908,,3.789953729,,,,,
909,,3.725253193,,,,,
910,,3.777328938,,,,,
911,,3.758735203,,,,,
912,,1.6842462,,,,,
913,,1.859262668,,,,,
914,,1.996459904,,,,,
915,,2.069403898,,,,,
916,,2.113234916,,,,,
917,,2.132425084,,,,,
918,,2.200870865,,,,,
919,,2.136601092,,,,,
920,,2.214264439,,,,,
921,,2.370433938,,,,,
922,,2.256338289,,,,,
923,,2.436549294,,,,,
924,,2.43530852,,,,,
925,,2.441529062,,,,,
926,,2.471761679,,,,,
927,,2.45150881,,,,,
928,,2.618806337,,,,,
929,,2.643881778,,,,,
930,,2.638567131,,,,,
931,,2.691681022,,,,,
932,,2.678263257,,,,,
933,,2.572078858,,,,,
934,,2.622254417,,,,,
935,,2.578238381,,,,,
936,,2.647775733,,,,,
937,,2.773687664,,,,,
938,,2.788408676,,,,,
939,,2.688821819,,,,,
940,,2.710987664,,,,,
941,,2.724172387,,,,,
942,,2.750459674,,,,,
943,,2.726534118,,,,,
944,,2.728584172,,,,,
945,,2.701559682,,,,,
946,,2.650240383,,,,,
947,,2.741072223,,,,,
948,,2.728910714,,,,,
949,,2.751734406,,,,,
950,,2.731550899,,,,,
951,,2.714641986,,,,,
952,,2.770047282,,,,,
953,,2.822922557,,,,,
954,,2.901110345,,,,,
955,,2.937097761,,,,,
956,,2.92266344,,,,,
957,,2.98979552,,,,,
958,,3.03100009,,,,,
959,,3.053216111,,,,,
960,,3.080106845,,,,,
961,,3.125847047,,,,,
962,,3.143573559,,,,,
963,,3.122289029,,,,,
964,,3.050203357,,,,,
965,,3.08547534,,,,,
966,,3.085770979,,,,,
967,,3.097533603,,,,,
968,,3.080430915,,,,,
969,,3.094399101,,,,,
970,,3.098303709,,,,,
971,,3.102041421,,,,,
972,,3.099259882,,,,,
973,,3.112809122,,,,,
974,,3.114425252,,,,,
975,,3.122643606,,,,,
976,,3.125583958,,,,,
977,,3.135791745,,,,,
978,,3.142776038,,,,,
979,,3.134812072,,,,,
980,,3.151121413,,,,,
981,,3.16174702,,,,,
982,,3.159686951,,,,,
983,,3.170143269,,,,,
984,,3.172555521,,,,,
985,,3.163261675,,,,,
986,,3.171386961,,,,,
987,,3.155386102,,,,,
988,,3.121457019,,,,,
989,,3.094472737,,,,,
990,,3.06975188,,,,,
991,,3.014081475,,,,,
992,,3.001691324,,,,,
993,,2.958990607,,,,,
994,,3.002364432,,,,,
995,,2.95986124,,,,,
996,,2.991295416,,,,,
997,,3.001372405,,,,,
998,,3.040851762,,,,,
999,,3.133869542,,,,,
1000,,3.192335066,,,,,
1001,,3.210514796,,,,,
1002,,3.222578388,,,,,
1003,,3.282534954,,,,,
1004,,3.313226108,,,,,
1005,,3.311269276,,,,,
1006,,3.090535507,,,,,
1007,,2.81297288,,,,,
1008,,2.663866254,,,,,
1009,,1.87249631,,,,,
1010,,1.721602346,,,,,
1011,,1.740460122,,,,,
1012,,1.855098242,,,,,
1013,,1.840972722,,,,,
1014,,2.063421783,,,,,
1015,,2.113179679,,,,,
1016,,2.201892786,,,,,
1017,,2.235939385,,,,,
1018,,2.268664833,,,,,
1019,,2.321403572,,,,,
1020,,2.370041524,,,,,
1021,,2.399395265,,,,,
1022,,2.41971184,,,,,
1023,,2.464719902,,,,,
1024,,2.470200007,,,,,
1025,,2.493754201,,,,,
1026,,2.507234425,,,,,
1027,,2.500829824,,,,,
1028,,2.497637225,,,,,
1029,,2.520047618,,,,,
1030,,2.538254224,,,,,
1031,,2.557382243,,,,,
1032,,2.578992408,,,,,
1033,,2.576392154,,,,,
1034,,2.611904604,,,,,
1035,,2.596236472,,,,,
1036,,2.572806165,,,,,
1037,,2.560734332,,,,,
1038,,2.554704739,,,,,
1039,,2.506700271,,,,,
1040,,2.487753527,,,,,
1041,,2.45670535,,,,,
1042,,2.534703271,,,,,
1043,,2.612953603,,,,,
1044,,2.578076591,,,,,
1045,,2.648772962,,,,,
1046,,2.672336866,,,,,
1047,,2.671494296,,,,,
1048,,2.67423538,,,,,
1049,,2.754050326,,,,,
1050,,2.831395766,,,,,
1051,,2.857800614,,,,,
1052,,2.768308471,,,,,
1053,,2.301808598,,,,,
1054,,1.984904214,,,,,
1055,,1.8435656,,,,,
1056,,1.94769203,,,,,
1057,,2.035405082,,,,,
1058,,2.122600664,,,,,
1059,,2.187512116,,,,,
1060,,2.231046752,,,,,
1061,,2.288253202,,,,,
1062,,2.337838483,,,,,
1063,,2.366915167,,,,,
1064,,2.401496437,,,,,
1065,,2.441844117,,,,,
1066,,2.459375637,,,,,
1067,,2.48479076,,,,,
1068,,2.509183848,,,,,
1069,,2.520594569,,,,,
1070,,2.552213915,,,,,
1071,,2.572360311,,,,,
1072,,2.596050968,,,,,
1073,,2.614659945,,,,,
1074,,2.628503204,,,,,
1075,,2.639559325,,,,,
1076,,2.675682563,,,,,
1077,,2.688321068,,,,,
1078,,2.704284715,,,,,
1079,,2.714762429,,,,,
1080,,2.71308362,,,,,
1081,,2.734090827,,,,,
1082,,2.738964238,,,,,
1083,,2.771518505,,,,,
1084,,2.773153783,,,,,
1085,,2.748325087,,,,,
1086,,2.72850016,,,,,
1087,,2.633263571,,,,,
1088,,2.641264105,,,,,
1089,,2.664851069,,,,,
1090,,2.611249612,,,,,
1091,2.923481676,2.607044415,,,,,
1092,2.6028574,2.598737436,,,,,
1093,2.518451765,2.637803968,,,,,
1094,2.980343235,2.587708876,,,,,
1095,1.3676208,2.684467682,,,,,
1096,2.503675343,1.580777182,,,,,
1097,2.589859882,1.910331579,,,,,
1098,1.7290052,2.024758617,,,,,
1099,1.564902235,2.128120818,,,,,
1100,2.052169714,2.165451374,,,,,
1101,2.209704,2.207149539,,,,,
1102,2.224494857,2.278160674,,,,,
1103,1.9180725,2.325019518,,,,,
1104,2.4534522,2.395220827,,,,,
1105,2.372600059,2.402503455,,,,,
1106,,2.463272743,,,,,
1107,,2.414874204,,,,,
1108,,1.296465555,,,,,
1109,,1.220299011,,,,,
1110,,1.610114069,,,,,
1111,,1.75266037,,,,,
1112,,1.883167619,,,,,
1113,,1.929569289,,,,,
1114,,2.032085989,,,,,
1115,,2.094884668,,,,,
1116,,2.131133679,,,,,
1117,,2.217165311,,,,,
1118,,2.252147625,,,,,
1119,,2.283468666,,,,,
1120,,2.340310899,,,,,
1121,,2.389531589,,,,,
1122,,2.405006156,,,,,
1123,,2.428118377,,,,,
1124,,2.440745666,,,,,
1125,,2.490850733,,,,,
1126,,2.523045094,,,,,
1127,,2.532817002,,,,,
1128,,2.558788047,,,,,
1129,,2.559866089,,,,,
1130,,2.597115952,,,,,
1131,,2.599150696,,,,,
1132,,2.591321705,,,,,
1133,,2.550765917,,,,,
1134,,2.55073826,,,,,
1135,,2.478524765,,,,,
1136,,2.512807674,,,,,
1137,,2.534741335,,,,,
1138,,2.485063157,,,,,
1139,,2.529674167,,,,,
1140,,2.574636268,,,,,
1141,,2.516075176,,,,,
1142,,2.530716159,,,,,
1143,,2.566522118,,,,,
1144,,2.636869261,,,,,
1145,,2.632099346,,,,,
1146,,2.664725339,,,,,
1147,,2.691150488,,,,,
1148,,2.740150011,,,,,
1149,,2.783784782,,,,,
1150,,2.834891166,,,,,
1151,,2.879927688,,,,,
1152,,2.913940835,,,,,
1153,,2.931190114,,,,,
1154,,2.960871029,,,,,
1155,,2.959654278,,,,,
1156,,2.961389236,,,,,
1157,,2.984391715,,,,,
1158,,3.016549503,,,,,
1159,,3.025226503,,,,,
1160,,3.034784263,,,,,
1161,,3.046035566,,,,,
1162,,3.045343642,,,,,
1163,,3.048245901,,,,,
1164,,3.062141269,,,,,
1165,,3.084776397,,,,,
1166,,3.079352464,,,,,
1167,,3.088421163,,,,,
1168,,3.098391131,,,,,
1169,,3.108616573,,,,,
1170,,3.11869802,,,,,
1171,,3.098569793,,,,,
1172,,3.112301409,,,,,
1173,,3.121687674,,,,,
1174,,3.135619435,,,,,
1175,,3.152128461,,,,,
1176,,3.153566471,,,,,
1177,,3.138407749,,,,,
1178,,3.153823598,,,,,
1179,,3.119957361,,,,,
1180,,3.083196628,,,,,
1181,,3.053272112,,,,,
1182,,3.068082535,,,,,
1183,,2.991583033,,,,,
1184,,2.981020756,,,,,
1185,,2.943129837,,,,,
1186,,2.965578887,,,,,
1187,,2.931153632,,,,,
1188,,2.928542852,,,,,
1189,,2.934811645,,,,,
1190,,2.951643535,,,,,
1191,,2.945588565,,,,,
1192,,2.952891,,,,,
1193,,2.9755926,,,,,
1194,,3.000552436,,,,,
1195,,3.069322353,,,,,
1196,,3.144291983,,,,,
1197,,3.218735489,,,,,
1198,,3.255212742,,,,,
1199,,3.30064239,,,,,
1200,,3.311469576,,,,,
1201,,3.366211555,,,,,
1202,,3.372087323,,,,,
1203,,3.327873199,,,,,
1204,,3.351983608,,,,,
1205,,3.383581131,,,,,
1206,,3.388958501,,,,,
1207,,3.357474949,,,,,
1208,,3.382071129,,,,,
1209,,3.401025356,,,,,
1210,,3.374533692,,,,,
1211,,3.39474269,,,,,
1212,,3.406915285,,,,,
1213,,3.384638205,,,,,
1214,,3.37744021,,,,,
1215,,3.419900556,,,,,
1216,,3.401434594,,,,,
1217,,3.413265929,,,,,
1218,,3.41883946,,,,,
1219,,3.415397179,,,,,
1220,,3.409376199,,,,,
1221,,3.397585612,,,,,
1222,,3.421963201,,,,,
1223,,3.447762866,,,,,
1224,,3.445062738,,,,,
1225,,3.447992881,,,,,
1226,,3.435395162,,,,,
1227,,3.435859775,,,,,
1228,,3.397410915,,,,,
1229,,3.386204748,,,,,
1230,,3.389836337,,,,,
1231,,3.31500327,,,,,
1232,,3.31020679,,,,,
1233,,3.288231328,,,,,
1234,,3.244623475,,,,,
1235,,3.268133939,,,,,
1236,,3.24011338,,,,,
1237,,3.248681563,,,,,
1238,,3.315484926,,,,,
1239,,3.294677637,,,,,
1240,,3.313439292,,,,,
1241,,3.35832399,,,,,
1242,,3.401091795,,,,,
1243,,3.454743421,,,,,
1244,,3.473865659,,,,,
1245,,3.528982379,,,,,
1246,,2.836191872,,,,,
1247,,2.484182407,,,,,
1248,,1.475729826,,,,,
1249,,0.988945096,,,,,
1250,,1.418501003,,,,,
1251,,1.496134215,,,,,
1252,,1.59872041,,,,,
1253,,1.758592677,,,,,
1254,,1.932672499,,,,,
1255,,2.054737716,,,,,
1256,,2.139776988,,,,,
1257,,2.192608853,,,,,
1258,,2.259059918,,,,,
1259,,2.317382364,,,,,
1260,,2.328878143,,,,,
1261,,2.389376697,,,,,
1262,,2.428624445,,,,,
1263,,2.433670343,,,,,
1264,,2.485287239,,,,,
1265,,2.517473821,,,,,
1266,,2.552721183,,,,,
1267,,2.562319116,,,,,
1268,,2.586613099,,,,,
1269,,2.595732367,,,,,
1270,,2.626336736,,,,,
1271,,2.635945686,,,,,
1272,,2.637535869,,,,,
1273,,2.66665597,,,,,
1274,,2.671950861,,,,,
1275,,2.681819901,,,,,
1276,,2.670505891,,,,,
1277,,2.640876402,,,,,
1278,,2.622506563,,,,,
1279,,2.60192766,,,,,
1280,,2.596525653,,,,,
1281,,2.575776426,,,,,
1282,,2.578570709,,,,,
1283,,2.651568031,,,,,
1284,,2.625896752,,,,,
1285,,2.670791004,,,,,
1286,,2.669233857,,,,,
1287,2.294740176,2.580203612,,,,,
1288,2.546896571,2.653464175,,,,,
1289,2.496950235,2.704070634,,,,,
1290,2.470616571,2.701529682,,,,,
1291,2.770887143,2.788999894,,,,,
1292,3.354592,2.826920801,,,,,
1293,3.690959059,2.833963289,,,,,
1294,3.541018971,2.872123535,,,,,
1295,3.449448176,2.919123217,,,,,
1296,3.496860914,2.941982204,,,,,
1297,3.438293371,2.979467935,,,,,
1298,3.271648353,2.983476209,,,,,
1299,3.577534857,3.006376889,,,,,
1300,3.853033429,2.999379361,,,,,
1301,3.668717059,3.013190449,,,,,
1302,3.496408429,3.036358632,,,,,
1303,3.218660314,3.058014546,,,,,
1304,3.253185294,3.081006892,,,,,
1305,3.425164857,3.089542945,,,,,
1306,3.113715088,3.101898381,,,,,
1307,3.348149286,3.107640536,,,,,
1308,3.492847857,3.111112664,,,,,
1309,3.648476333,3.122931709,,,,,
1310,3.805786333,3.131000314,,,,,
1311,3.690241314,3.136684902,,,,,
1312,3.548646235,3.135942863,,,,,
1313,3.739943029,3.138086431,,,,,
1314,4.0344982,3.14244899,,,,,
1315,3.7984702,3.151820758,,,,,
1316,3.881789941,3.172708012,,,,,
1317,3.814351086,3.180052145,,,,,
1318,3.421066853,3.171077214,,,,,
1319,3.114841286,3.187000627,,,,,
1320,3.064498429,3.193503936,,,,,
1321,3.115252147,3.174742658,,,,,
1322,3.604174314,3.205625467,,,,,
1323,3.677563743,3.184408068,,,,,
1324,3.534099647,3.163564542,,,,,
1325,3.054172686,3.12448152,,,,,
1326,3.014233714,3.101633455,,,,,
1327,2.970921882,3.081656811,,,,,
1328,2.548124314,3.028341102,,,,,
1329,2.609860941,3.013108737,,,,,
1330,0.679260353,2.974470206,,,,,
1331,2.277721429,2.975934632,,,,,
1332,2.968955886,3.007274074,,,,,
1333,3.004732382,3.017791413,,,,,
1334,2.768818571,2.989039819,,,,,
1335,2.670339471,3.050728629,,,,,
1336,3.032180371,3.089199065,,,,,
1337,3.756721429,3.100145541,,,,,
1338,3.031094286,3.099262089,,,,,
1339,3.242490647,3.103296129,,,,,
1340,3.474674257,3.14185173,,,,,
1341,3.0640125,3.195555543,,,,,
1342,3.030073286,3.267793254,,,,,
1343,3.472140771,3.309536562,,,,,
1344,2.327729647,3.241072364,,,,,
1345,2.116706118,3.265856852,,,,,
1346,1.893712314,3.252767738,,,,,
1347,2.122765118,3.225642538,,,,,
1348,2.028150143,3.212568492,,,,,
1349,2.328177571,3.222902698,,,,,
1350,2.967923824,3.225669792,,,,,
1351,2.871576086,3.221949231,,,,,
1352,2.050761412,3.220967048,,,,,
1353,2.198253765,3.206465505,,,,,
1354,2.9601362,3.215032091,,,,,
1355,3.226284657,3.220327638,,,,,
1356,3.282267,3.22924819,,,,,
1357,3.185977565,3.23769751,,,,,
1358,2.89563887,3.240799563,,,,,
1359,2.687869143,3.232772616,,,,,
1360,3.016797714,3.27215918,,,,,
1361,2.850329229,3.269306564,,,,,
1362,3.371137588,3.260916672,,,,,
1363,3.336902143,3.275961462,,,,,
1364,3.390417618,3.283494081,,,,,
1365,3.496296629,3.286538406,,,,,
1366,3.000907486,3.289756283,,,,,
1367,2.875698206,3.277152674,,,,,
1368,2.896164382,3.297971429,,,,,
1369,2.9199568,3.305605873,,,,,
1370,2.756930118,3.328196958,,,,,
1371,2.652870171,3.311120692,,,,,
1372,2.818136857,3.282496737,,,,,
1373,3.113614941,3.278588348,,,,,
1374,3.0262486,3.262818147,,,,,
1375,2.4387406,3.258972665,,,,,
1376,2.681979735,3.232608149,,,,,
1377,2.972524714,3.180459376,,,,,
1378,2.411133571,3.135764938,,,,,
1379,2.132466294,3.147997964,,,,,
1380,2.582055457,3.164794219,,,,,
1381,2.823739647,3.165224855,,,,,
1382,2.143989486,3.171359611,,,,,
1383,1.918771771,3.139736979,,,,,
1384,1.660657257,3.170316487,,,,,
1385,1.955447647,3.186846296,,,,,
1386,2.0501736,3.204391292,,,,,
1387,2.150156,3.208975858,,,,,
1388,2.418890943,3.232731779,,,,,
1389,2.370288543,3.255537442,,,,,
1390,3.125115114,3.240721997,,,,,
1391,1.942667382,3.301861709,,,,,
1392,2.601376143,3.337006215,,,,,
1393,3.406454176,3.348020573,,,,,
1394,3.861938971,3.375470016,,,,,
1395,3.948436343,3.419593278,,,,,
1396,3.829534529,3.40791249,,,,,
1397,4.000154943,3.459767417,,,,,
1398,3.669404086,3.441849931,,,,,
1399,3.991731588,3.462140727,,,,,
1400,3.995679171,3.452589193,,,,,
1401,3.3689022,3.461872677,,,,,
1402,3.048868676,3.469008384,,,,,
1403,3.465917829,3.488455906,,,,,
1404,3.603278174,3.48997811,,,,,
1405,3.593679478,3.481493146,,,,,
1406,3.584080783,3.479009677,,,,,
1407,3.748258143,3.485296006,,,,,
1408,3.849697235,3.479227883,,,,,
1409,3.792335,3.484802344,,,,,
1410,3.810296353,3.498825878,,,,,
1411,3.8352428,3.523563213,,,,,
1412,3.000246229,3.531037694,,,,,
1413,3.440829657,3.523635366,,,,,
1414,3.499029647,3.534892441,,,,,
1415,3.565503086,3.534086465,,,,,
1416,3.463942765,3.550001696,,,,,
1417,3.4476918,3.554132261,,,,,
1418,3.532305343,3.552646506,,,,,
1419,3.404164647,3.546006144,,,,,
1420,3.962282,3.546700495,,,,,
1421,3.234727143,3.548117491,,,,,
1422,3.799116529,3.523122727,,,,,
1423,3.5724234,3.465905687,,,,,
1424,3.158828143,3.399598683,,,,,
1425,2.995514588,3.387221487,,,,,
1426,2.9197128,3.370861921,,,,,
1427,2.985639647,3.330526491,,,,,
1428,2.620714353,3.275815014,,,,,
1429,2.5519948,3.260870908,,,,,
1430,2.310845743,3.233098783,,,,,
1431,2.652371294,3.29866417,,,,,
1432,2.96446,3.348234864,,,,,
1433,2.904669206,3.374524445,,,,,
1434,3.196414143,3.377890642,,,,,
1435,3.488897,3.382875992,,,,,
1436,3.153850143,3.416231993,,,,,
1437,3.563693559,3.472412042,,,,,
1438,3.8523696,3.50177193,,,,,
1439,3.909567529,3.527638252,,,,,
1440,3.799473857,3.563452563,,,,,
1441,3.6433348,3.573627979,,,,,
1442,3.648125176,3.596817728,,,,,
1443,3.466372824,3.576881507,,,,,
1444,1.9133456,2.735576031,,,,,
1445,2.133243265,2.316512998,,,,,
1446,1.910468,2.301024839,,,,,
1447,1.537784,2.312998899,,,,,
1448,1.685637941,2.329745505,,,,,
1449,1.812558857,2.347818726,,,,,
1450,1.575552,2.426227485,,,,,
1451,1.658757882,2.460141924,,,,,
1452,2.477014571,2.511428015,,,,,
1453,2.597188609,2.544954494,,,,,
1454,2.369719478,2.565899486,,,,,
1455,2.326003143,2.602558939,,,,,
1456,2.557771353,2.648080561,,,,,
1457,2.782309686,2.658845222,,,,,
1458,2.946056543,2.708666259,,,,,
1459,3.0583418,2.72676844,,,,,
1460,3.129345765,2.750282229,,,,,
1461,2.795520829,2.78035349,,,,,
1462,2.864462471,2.808413106,,,,,
1463,3.270039143,2.818890664,,,,,
1464,3.007026429,2.816121579,,,,,
1465,3.240603,2.820839031,,,,,
1466,3.403263,2.824045381,,,,,
1467,3.508626429,2.826043468,,,,,
1468,2.856850059,2.772179829,,,,,
1469,2.546492229,2.765048123,,,,,
1470,2.839547143,2.724887189,,,,,
1471,3.0800155,2.66985658,,,,,
1472,2.683095657,2.673119436,,,,,
1473,2.410872229,2.663473806,,,,,
1474,2.281312824,2.686433899,,,,,
1475,2.203443114,2.689554657,,,,,
1476,2.733442343,2.730262775,,,,,
1477,3.295693824,2.690301324,,,,,
1478,3.322307857,2.679412658,,,,,
1479,3.05107,2.682069939,,,,,
1480,3.056264429,2.690405006,,,,,
1481,2.889327286,2.715482416,,,,,
1482,2.693935743,2.825520191,,,,,
1483,3.021691559,2.903694323,,,,,
1484,3.271045771,2.938479354,,,,,
1485,3.303057294,2.972054356,,,,,
1486,3.412500686,3.002089773,,,,,
1487,3.6065292,3.009775814,,,,,
1488,3.2207412,3.032320067,,,,,
1489,3.732706824,3.059098465,,,,,
1490,3.314588086,3.062466871,,,,,
1491,3.462221529,3.087928558,,,,,
1492,3.444076143,3.102661802,,,,,
1493,3.171387571,3.077213997,,,,,
1494,3.628636353,3.098546246,,,,,
1495,3.880079029,3.131209952,,,,,
1496,3.298019886,3.120700651,,,,,
1497,3.581292765,3.156167942,,,,,
1498,3.898417686,3.168220822,,,,,
1499,3.953919771,3.179181438,,,,,
1500,4.060112471,3.175626736,,,,,
1501,4.355209145,3.181006697,,,,,
1502,4.249302188,3.199860143,,,,,
1503,4.143395232,3.214654779,,,,,
1504,2.974835571,2.908335648,,,,,
1505,1.7584734,2.840789366,,,,,
1506,0.556568706,2.281395693,,,,,
1507,0.249742143,0.765749895,,,,,
1508,0.638447118,0.901180467,,,,,
1509,0.689420657,0.875477172,,,,,
1510,0.871191886,1.435734832,,,,,
1511,0.044718457,1.658384536,,,,,
1512,0.807457471,1.739332989,,,,,
1513,0.974700257,1.844095444,,,,,
1514,1.15183,1.933755316,,,,,
1515,1.420595257,2.022133606,,,,,
1516,1.824363714,2.07755843,,,,,
1517,2.872653676,2.128609576,,,,,
1518,1.541510441,2.182249521,,,,,
1519,1.714217257,2.230773215,,,,,
1520,2.723322235,2.259043021,,,,,
1521,3.226607857,2.290993901,,,,,
1522,3.653320571,2.302346479,,,,,
1523,4.043447882,2.306951759,,,,,
1524,3.622586,2.302686508,,,,,
1525,2.506082235,2.328347206,,,,,
1526,3.141069294,2.332410483,,,,,
1527,3.299342629,2.361245102,,,,,
1528,3.085315257,2.359385412,,,,,
1529,3.0253185,2.362155888,,,,,
1530,3.118602886,2.410895168,,,,,
1531,2.905939118,2.429725635,,,,,
1532,2.252465914,2.483941594,,,,,
1533,2.956542771,2.510773792,,,,,
1534,2.859049686,2.53808075,,,,,
1535,3.598780882,2.574924644,,,,,
1536,3.256342571,2.614162643,,,,,
1537,2.942710382,2.644944578,,,,,
1538,2.909224257,2.697054245,,,,,
1539,2.4450262,2.717246437,,,,,
1540,2.985486206,2.729253433,,,,,
1541,2.908362382,2.744122475,,,,,
1542,3.258364514,2.751134121,,,,,
1543,2.866688765,2.747560564,,,,,
1544,2.896366257,2.793034252,,,,,
1545,2.976499,2.809816269,,,,,
1546,2.780554412,2.806659993,,,,,
1547,3.250107371,2.828015699,,,,,
1548,3.121807657,2.845877703,,,,,
1549,3.293556797,2.881992671,,,,,
1550,3.475652449,2.892627658,,,,,
1551,3.476286429,2.906735933,,,,,
1552,3.369213441,2.922268709,,,,,
1553,3.150019343,2.933251091,,,,,
1554,3.048133882,2.957785148,,,,,
1555,3.948556286,2.948451789,,,,,
1556,3.108890571,2.965717209,,,,,
1557,2.902796057,2.946050496,,,,,
1558,2.937546412,2.963201782,,,,,
1559,2.908995114,2.971525618,,,,,
1560,2.758790765,2.972285608,,,,,
1561,2.748005114,2.982857943,,,,,
1562,3.126757,2.965452112,,,,,
1563,3.166717,2.966959093,,,,,
1564,3.349311794,2.898639631,,,,,
1565,3.136816857,2.871819167,,,,,
1566,2.773135059,2.869373493,,,,,
1567,2.655390314,2.847146532,,,,,
1568,2.717865229,2.829250197,,,,,
1569,2.646157529,2.796221616,,,,,
1570,2.525243829,2.782639657,,,,,
1571,2.834181257,2.808002091,,,,,
1572,2.798581941,2.797207009,,,,,
1573,2.893770286,2.823095151,,,,,
1574,2.849816686,2.828261021,,,,,
1575,2.787386588,2.877054912,,,,,
1576,2.997774143,2.855876347,,,,,
1577,3.357180529,2.897023765,,,,,
1578,2.701152,2.924149209,,,,,
1579,3.266950286,2.958273702,,,,,
1580,3.508859286,3.005854961,,,,,
1581,3.463378294,3.034721497,,,,,
1582,3.662382429,3.054202311,,,,,
1583,3.968988618,3.089226586,,,,,
1584,3.8188172,3.102924095,,,,,
1585,3.310868629,3.114170102,,,,,
1586,2.619708057,3.148169956,,,,,
1587,3.181785294,3.206247864,,,,,
1588,3.678505457,3.180007767,,,,,
1589,3.629518059,3.175381009,,,,,
1590,3.4896374,3.200494974,,,,,
1591,3.514407286,3.237022803,,,,,
1592,3.315889824,3.244266388,,,,,
1593,3.179696,3.252629182,,,,,
1594,3.109913429,3.280393475,,,,,
1595,2.833799176,3.260006258,,,,,
1596,3.2234516,3.268129351,,,,,
1597,3.481457507,3.278684029,,,,,
1598,3.359135333,3.27725438,,,,,
1599,3.3645996,3.289942698,,,,,
1600,3.743736882,3.274987556,,,,,
1601,3.476120118,3.261206711,,,,,
1602,3.6378966,3.269389479,,,,,
1603,3.259771857,3.275131869,,,,,
1604,3.054282647,3.291321015,,,,,
1605,3.2339922,3.307174751,,,,,
1606,3.420682941,3.316068418,,,,,
1607,3.234843286,3.317024812,,,,,
1608,3.162773,3.33978477,,,,,
1609,3.492099286,3.331785738,,,,,
1610,3.414720088,3.321941229,,,,,
1611,3.3903084,3.285221962,,,,,
1612,3.530991647,3.202093845,,,,,
1613,3.600775857,3.176448419,,,,,
1614,3.3910654,3.171057918,,,,,
1615,3.077614059,3.109955523,,,,,
1616,2.784139941,3.116181396,,,,,
1617,3.3362462,3.078936053,,,,,
1618,3.336226441,3.063900399,,,,,
1619,3.544295457,3.059435798,,,,,
1620,3.4007686,3.051876513,,,,,
1621,3.037821735,3.053128726,,,,,
1622,3.527118571,3.06803291,,,,,
1623,3.104254,3.098318244,,,,,
1624,4.254630471,3.11152658,,,,,
1625,3.776748857,3.108551057,,,,,
1626,3.6750402,3.116823672,,,,,
1627,3.582254529,3.16346363,,,,,
1628,3.475031257,3.20929764,,,,,
1629,3.727922353,3.20438134,,,,,
1630,4.046133971,3.259306092,,,,,
1631,3.740453686,3.361690008,,,,,
1632,3.5971566,3.354475915,,,,,
1633,3.685551441,3.382949075,,,,,
1634,3.818665143,3.44353287,,,,,
1635,3.503327588,3.450526348,,,,,
1636,3.087134143,3.462914241,,,,,
1637,3.355189286,3.496535476,,,,,
1638,3.075213,3.512666099,,,,,
1639,3.284573294,3.506569371,,,,,
1640,3.577009771,3.539306291,,,,,
1641,3.078565176,3.527225534,,,,,
1642,2.8504464,3.547973589,,,,,
1643,3.240032057,3.54731062,,,,,
1644,3.634859706,3.539191116,,,,,
1645,3.364908522,3.540970244,,,,,
1646,3.504033739,3.553076563,,,,,
1647,3.643158957,3.561355953,,,,,
1648,3.287797257,3.575353805,,,,,
1649,3.273831771,3.567816586,,,,,
1650,3.502221,3.570050185,,,,,
1651,3.500876714,3.59066608,,,,,
1652,3.206098647,3.581096897,,,,,
1653,3.437363229,3.578045632,,,,,
1654,3.753270086,3.575006331,,,,,
1655,4.253323057,3.5715666,,,,,
1656,3.852298559,3.605815462,,,,,
1657,3.672584514,3.590787922,,,,,
1658,3.669396235,3.55822521,,,,,
1659,3.408136114,3.560201356,,,,,
1660,3.6568278,3.514046008,,,,,
1661,3.8448258,3.514266382,,,,,
1662,3.619652176,3.492035886,,,,,
1663,3.372321629,3.456411319,,,,,
1664,3.623512235,3.496843736,,,,,
1665,3.515794714,3.527241276,,,,,
1666,2.122851,3.313217802,,,,,
1667,-0.008183853,2.752165168,,,,,
1668,0.536715857,2.906707737,,,,,
1669,0.465041571,2.790579094,,,,,
1670,0.041832647,2.460882117,,,,,
1671,0.011304086,2.300264145,,,,,
1672,0.267018943,2.106238076,,,,,
1673,0.642667588,1.840257111,,,,,
1674,0.950424857,1.839511671,,,,,
1675,1.018677882,1.905546027,,,,,
1676,1.550046706,1.992796242,,,,,
1677,2.163824171,2.091456916,,,,,
1678,2.453537257,2.134319215,,,,,
1679,2.781589235,2.189338991,,,,,
1680,2.710733143,2.256959976,,,,,
1681,2.347694824,2.359071231,,,,,
1682,2.349752743,2.420947362,,,,,
1683,2.410585114,2.465780074,,,,,
1684,2.711788543,2.517225011,,,,,
1685,2.468007588,2.5241426,,,,,
1686,2.753388257,2.536442255,,,,,
1687,2.8412285,2.573646467,,,,,
1688,2.759580686,2.597816717,,,,,
1689,2.885067486,2.619819872,,,,,
1690,2.998910235,2.648992743,,,,,
1691,2.802002588,2.669673109,,,,,
1692,2.802041886,2.696342136,,,,,
1693,2.807901217,2.712808117,,,,,
1694,2.813517739,2.723678517,,,,,
1695,2.908181714,2.741886078,,,,,
1696,2.817261,2.770740858,,,,,
1697,2.395332257,2.777632828,,,,,
1698,2.826172735,2.80788174,,,,,
1699,2.669594794,2.805065996,,,,,
1700,2.385298571,2.792259141,,,,,
1701,2.090484171,2.859839272,,,,,
1702,2.3612725,2.859294178,,,,,
1703,2.914628829,2.853201146,,,,,
1704,2.990972882,2.851559922,,,,,
1705,2.432061229,2.881771381,,,,,
1706,2.789332943,2.873122411,,,,,
1707,2.543506571,2.861271564,,,,,
1708,2.722965765,2.859741797,,,,,
1709,2.414303,2.816344123,,,,,
1710,2.303173647,2.756068,,,,,
1711,2.643323343,2.747856935,,,,,
1712,2.785380543,2.748470225,,,,,
1713,2.459172706,2.716204612,,,,,
1714,2.300133882,2.707031834,,,,,
1715,2.643066943,2.700980872,,,,,
1716,2.948247,2.729933902,,,,,
1717,3.486586886,2.942412286,,,,,
1718,3.4779706,2.96074222,,,,,
1719,2.764542882,2.967586005,,,,,
1720,2.743668629,2.983136057,,,,,
1721,2.874398343,2.986206227,,,,,
1722,2.923202765,2.987667496,,,,,
1723,1.615928143,1.319133472,,,,,
1724,1.497710714,1.249608258,,,,,
1725,1.683772529,1.593224297,,,,,
1726,1.549021943,1.784753109,,,,,
1727,1.474096,1.867092405,,,,,
1728,0.923398571,1.268600519,,,,,
1729,0.495097143,0.588076957,,,,,
1730,0.299671486,0.693515621,,,,,
1731,0.045081412,0.659906015,,,,,
1732,0.111493657,0.786676723,,,,,
1733,0.248824912,0.970561968,,,,,
1734,0.3736196,1.039364023,,,,,
1735,0.896506,1.389618728,,,,,
1736,0.950446,1.588014211,,,,,
1737,1.258402118,1.735242775,,,,,
1738,1.515843,1.847164526,,,,,
1739,1.715503824,1.935466492,,,,,
1740,1.985187686,1.998773396,,,,,
1741,2.193143667,2.080448274,,,,,
1742,2.153943667,2.138328883,,,,,
1743,2.1255646,2.17630354,,,,,
1744,2.2486786,2.239344049,,,,,
1745,2.386705971,2.281581155,,,,,
1746,2.382144143,2.325643722,,,,,
1747,2.3358382,2.359887671,,,,,
1748,2.482022559,2.379847572,,,,,
1749,2.648241257,2.420501329,,,,,
1750,2.329476588,2.450387597,,,,,
1751,2.343671,2.458294339,,,,,
1752,2.176484429,2.484147621,,,,,
1753,2.227575,2.508948013,,,,,
1754,2.312692882,2.523172638,,,,,
1755,2.647238629,2.541065143,,,,,
1756,2.960178353,2.552134434,,,,,
1757,2.8706076,2.566324131,,,,,
1758,2.825654743,2.570448988,,,,,
1759,2.528545886,2.594157384,,,,,
1760,2.360567206,2.619697281,,,,,
1761,2.467749771,2.646253792,,,,,
1762,2.531347412,2.659773906,,,,,
1763,2.6089388,2.662944738,,,,,
1764,2.655637057,2.693266889,,,,,
1765,2.418305706,2.698736669,,,,,
1766,2.466791,2.73630302,,,,,
1767,2.316015286,2.745399946,,,,,
1768,2.5664735,2.767224196,,,,,
1769,2.523329,2.768777374,,,,,
1770,2.849474143,2.795313455,,,,,
1771,3.182657265,2.797080481,,,,,
1772,2.8167286,2.803083467,,,,,
1773,2.779601529,2.815946883,,,,,
1774,3.250999471,2.824527358,,,,,
1775,2.6860028,2.831335532,,,,,
1776,3.000591457,2.839833238,,,,,
1777,2.912071824,2.865578495,,,,,
1778,2.2931814,2.898296463,,,,,
1779,2.006502,2.923102801,,,,,
1780,2.551661857,2.924394839,,,,,
1781,2.471621,2.941110798,,,,,
1782,3.104703286,2.938254,,,,,
1783,2.944925824,2.935281796,,,,,
1784,2.970855,2.932267836,,,,,
1785,2.699963471,2.937899709,,,,,
1786,2.475581057,2.961229333,,,,,
1787,2.6789532,2.969502126,,,,,
1788,2.187176899,2.9834655,,,,,
1789,2.324500377,2.969938461,,,,,
1790,2.461823855,3.000484375,,,,,
1791,2.787465735,3.005695987,,,,,
1792,2.876240457,3.021798791,,,,,
1793,2.8396972,3.03156368,,,,,
1794,2.868120824,3.043741961,,,,,
1795,2.815520429,3.064885961,,,,,
1796,2.199821,3.067283561,,,,,
1797,3.057343647,3.058273235,,,,,
1798,2.744082514,3.074243482,,,,,
1799,2.7722772,3.076841671,,,,,
1800,2.580738235,3.081839283,,,,,
1801,2.545143543,3.100402846,,,,,
1802,3.128973353,3.095930618,,,,,
1803,3.080929029,3.097505129,,,,,
1804,3.150269314,3.081207768,,,,,
1805,2.6366264,3.070494702,,,,,
1806,2.459590029,3.095702565,,,,,
1807,2.630413943,3.114202764,,,,,
1808,2.801854412,3.119792041,,,,,
1809,2.848208429,3.116120531,,,,,
1810,2.913514857,3.138811198,,,,,
1811,2.791552,3.152458761,,,,,
1812,2.939479353,3.160630674,,,,,
1813,3.148515686,3.171167484,,,,,
1814,2.949081971,3.177354923,,,,,
1815,2.8886336,3.187210947,,,,,
1816,3.073272114,3.183083007,,,,,
1817,3.416522559,3.205435644,,,,,
1818,4.120838657,3.211966312,,,,,
1819,3.466625229,3.196763218,,,,,
1820,3.498272529,3.200799419,,,,,
1821,2.857642057,3.218071326,,,,,
1822,2.998641286,3.221927552,,,,,
1823,3.553301529,3.223895265,,,,,
1824,3.746798286,3.240424565,,,,,
1825,3.523034,3.249047999,,,,,
1826,3.198882314,3.272390511,,,,,
1827,3.207891743,3.271231051,,,,,
1828,3.112524543,3.291369852,,,,,
1829,3.259378912,3.291602274,,,,,
1830,3.2362298,3.314500779,,,,,
1831,3.121262529,3.31499876,,,,,
1832,3.170594543,3.303029253,,,,,
1833,3.149248771,3.309469733,,,,,
1834,2.985486486,3.332168146,,,,,
1835,3.132209824,3.335452907,,,,,
1836,3.3099516,3.321191286,,,,,
1837,3.282344681,3.319939091,,,,,
1838,3.134572072,3.322975602,,,,,
1839,3.084964714,3.339571548,,,,,
1840,3.287423559,3.346863747,,,,,
1841,3.740085514,3.342826225,,,,,
1842,3.366960943,3.356100692,,,,,
1843,3.432219706,3.359272202,,,,,
1844,3.319820429,3.368939982,,,,,
1845,3.415190029,3.368106869,,,,,
1846,3.635040647,3.383436201,,,,,
1847,3.619818543,3.368340558,,,,,
1848,3.335366618,3.384229561,,,,,
1849,2.638442794,3.402539025,,,,,
1850,3.241001343,3.395727507,,,,,
1851,3.219387457,3.392880902,,,,,
1852,3.157436118,3.359553565,,,,,
1853,2.845742143,3.354709303,,,,,
1854,2.538251353,3.384590782,,,,,
1855,2.751390029,3.40053067,,,,,
1856,2.446477257,3.408699284,,,,,
1857,2.686244971,3.430353169,,,,,
1858,3.114343118,3.413073649,,,,,
1859,3.402692943,3.420009974,,,,,
1860,3.224389,3.422777897,,,,,
1861,3.226326343,3.418748592,,,,,
1862,3.591841657,3.42734853,,,,,
1863,3.137439676,2.914831672,,,,,
1864,2.169986441,2.890861422,,,,,
1865,0.855280114,1.96684623,,,,,
1866,0.802411059,1.415040525,,,,,
1867,1.215805286,1.568429847,,,,,
1868,1.253766,1.556950005,,,,,
1869,1.310486059,1.710035884,,,,,
1870,1.981815057,1.834101082,,,,,
1871,1.402911529,1.91863061,,,,,
1872,1.871377412,2.00651889,,,,,
1873,1.567301914,1.181262369,,,,,
1874,1.115362314,1.252696394,,,,,
1875,0.8616095,1.194724736,,,,,
1876,1.012341286,1.139577011,,,,,
1877,1.337999235,1.336477181,,,,,
1878,1.219360429,1.112316961,,,,,
1879,0.595056143,0.99034155,,,,,
1880,0.093581771,1.032880184,,,,,
1881,0.168003412,1.053704648,,,,,
1882,0.523237571,1.173828745,,,,,
1883,1.234482235,1.376083266,,,,,
1884,1.619350171,1.548712474,,,,,
1885,1.212531913,1.705702162,,,,,
1886,1.877271478,1.801493071,,,,,
1887,2.542011043,1.903326756,,,,,
1888,2.447949943,1.963096221,,,,,
1889,2.394285471,2.044004271,,,,,
1890,2.400500029,2.101608257,,,,,
1891,2.456151657,2.162902079,,,,,
1892,2.503368588,2.177058742,,,,,
1893,2.385765371,2.243997459,,,,,
1894,2.276755657,2.278102629,,,,,
1895,2.661244353,2.316091809,,,,,
1896,2.478237,2.344038102,,,,,
1897,2.472847,2.385109957,,,,,
1898,2.485968471,2.413912873,,,,,
1899,2.612323257,2.429944296,,,,,
1900,2.998238235,2.448809662,,,,,
1901,2.7757584,2.449435601,,,,,
1902,2.9066244,2.472874891,,,,,
1903,2.696309914,2.511242536,,,,,
1904,2.326480118,2.53599513,,,,,
1905,2.383904171,2.556967295,,,,,
1906,2.819851206,2.588117221,,,,,
1907,2.827543829,2.59857859,,,,,
1908,1.8254452,2.615676894,,,,,
1909,2.0283292,2.63555107,,,,,
1910,2.518598765,2.661713929,,,,,
1911,3.179928429,2.661656017,,,,,
1912,3.060208529,2.658584414,,,,,
1913,2.412559371,2.616191353,,,,,
1914,1.898251314,2.578048139,,,,,
1915,1.700888706,2.511325558,,,,,
1916,1.191172229,2.472457968,,,,,
1917,1.722775657,2.426736413,,,,,
1918,1.207627294,2.381102251,,,,,
1919,1.116249629,2.307025853,,,,,
1920,1.028393,2.242155916,,,,,
1921,1.213663118,2.261047115,,,,,
1922,1.799714943,2.25620424,,,,,
1923,2.129484412,2.281879471,,,,,
1924,2.258705,2.308366369,,,,,
1925,0.866322714,2.102368382,,,,,
1926,1.353114714,1.90350705,,,,,
1927,1.690872294,1.900315388,,,,,
1928,1.651007229,1.96741941,,,,,
1929,1.696947765,2.058087464,,,,,
1930,2.1617448,2.11424113,,,,,
1931,2.879250229,2.146049221,,,,,
1932,2.693103657,2.202376671,,,,,
1933,2.68336887,2.245161295,,,,,
1934,2.693235391,2.267826324,,,,,
1935,2.819207176,2.308078532,,,,,
1936,3.0661864,2.346081842,,,,,
1937,3.201887886,2.361938438,,,,,
1938,3.015570353,2.399479357,,,,,
1939,3.179643,2.435944554,,,,,
1940,3.303715286,2.468145191,,,,,
1941,3.135827824,2.485081348,,,,,
1942,3.1588308,2.51510062,,,,,
1943,3.269641429,2.544046998,,,,,
1944,3.199365059,2.559280386,,,,,
1945,2.9449544,2.576517526,,,,,
1946,3.033823706,2.584822625,,,,,
1947,3.333459294,2.584993101,,,,,
1948,3.3511894,2.583492185,,,,,
1949,3.2752248,2.61096216,,,,,
1950,3.080336471,2.628903719,,,,,
1951,2.9976812,2.649586011,,,,,
1952,2.832568735,2.660599806,,,,,
1953,2.219691571,2.681634862,,,,,
1954,2.684533,2.7001052,,,,,
1955,3.187545571,2.717297372,,,,,
1956,3.302402324,2.726513468,,,,,
1957,3.1653244,2.734486463,,,,,
1958,2.814191882,2.750053284,,,,,
1959,2.546356229,2.774269939,,,,,
1960,2.6687466,2.777887232,,,,,
1961,3.041543647,2.801596379,,,,,
1962,3.130563353,2.789614788,,,,,
1963,3.473578,2.820370058,,,,,
1964,3.542444765,2.832213764,,,,,
1965,3.347947543,2.83945177,,,,,
1966,3.4825592,2.82585283,,,,,
1967,3.786971706,2.857871674,,,,,
1968,3.402735571,2.862612339,,,,,
1969,3.328657,2.890686693,,,,,
1970,1.344307,2.776114292,,,,,
1971,1.745133857,2.738789231,,,,,
1972,1.892394,2.677965563,,,,,
1973,1.949544706,2.626682114,,,,,
1974,2.246223086,2.616113676,,,,,
1975,2.598924735,2.605611666,,,,,
1976,2.75383,2.606811543,,,,,
1977,3.27238,2.616937915,,,,,
1978,2.7113476,2.64807951,,,,,
1979,2.460776853,2.664328842,,,,,
1980,2.657990286,2.678224063,,,,,
1981,2.921958725,2.681588023,,,,,
1982,3.04398742,2.693120437,,,,,
1983,3.071567,2.692789263,,,,,
1984,2.626901,2.716761346,,,,,
1985,2.557531294,2.739652526,,,,,
1986,2.945394114,2.749167459,,,,,
1987,3.0530885,2.755240646,,,,,
1988,3.136065514,2.776988,,,,,
1989,3.269698543,2.7997107,,,,,
1990,3.257153941,2.80468869,,,,,
1991,3.044434771,2.825179959,,,,,
1992,3.342732486,2.816192237,,,,,
1993,3.148557353,2.825819966,,,,,
1994,2.786703686,2.853408632,,,,,
1995,2.628697971,2.865103651,,,,,
1996,2.722857176,2.857792798,,,,,
1997,2.911107143,2.840900652,,,,,
1998,2.955450882,2.862033676,,,,,
1999,2.661711857,2.873139276,,,,,
2000,2.612027571,2.892802931,,,,,
2001,2.236033629,2.907876289,,,,,
2002,2.490184765,2.920788222,,,,,
2003,2.758672657,2.933140693,,,,,
2004,2.907829118,2.943882268,,,,,
2005,3.163520629,2.9367,,,,,
2006,3.355408086,2.966633937,,,,,
2007,3.776908943,2.973062127,,,,,
2008,3.104572529,2.994589236,,,,,
2009,3.040204943,2.994380966,,,,,
2010,3.270880206,3.000954932,,,,,
2011,2.239478429,3.002888603,,,,,
2012,0.579962143,0.574737658,,,,,
2013,0.402118824,1.316138347,,,,,
2014,0.570302886,1.644397696,,,,,
2015,0.517829457,1.157859504,,,,,
2016,0.189634353,1.319571751,,,,,
2017,0.948347657,1.427663828,,,,,
2018,0.8066912,1.622498922,,,,,
2019,0.068878471,0.839577427,,,,,
2020,0.282264143,0.482302783,,,,,
2021,1.279303176,1.222943164,,,,,
2022,0.874634941,1.480418377,,,,,
2023,0.593065029,1.599865202,,,,,
2024,1.840847314,1.745477579,,,,,
2025,1.907519676,1.841908931,,,,,
2026,1.803937857,1.934202977,,,,,
2027,2.033222882,2.007870366,,,,,
2028,1.680598229,2.066824245,,,,,
2029,2.211684371,2.111030647,,,,,
2030,2.742770514,2.161391731,,,,,
2031,2.541038529,2.20423528,,,,,
2032,3.182420943,2.245108098,,,,,
2033,3.199735,2.27331541,,,,,
2034,2.823811686,2.310243186,,,,,
2035,2.7661846,2.332383978,,,,,
2036,2.417618059,2.38138876,,,,,
2037,2.893878647,2.392317946,,,,,
2038,2.735693514,2.421381163,,,,,
2039,2.604825235,2.447950678,,,,,
2040,2.672515714,2.467562235,,,,,
2041,2.731380857,2.488103364,,,,,
2042,2.787582235,2.505039472,,,,,
2043,2.9682992,2.533831925,,,,,
2044,2.855012412,2.536619556,,,,,
2045,2.807474765,2.549028293,,,,,
2046,2.562176457,2.561221484,,,,,
2047,2.516764057,2.566435503,,,,,
2048,2.588156,2.567276034,,,,,
2049,2.735648829,2.586833478,,,,,
2050,,2.584299457,,,,,
2051,,2.601835739,,,,,
2052,,2.631006515,,,,,
2053,,2.62950258,,,,,
2054,,2.639528748,,,,,
2055,,2.647266235,,,,,
2056,,2.666085743,,,,,
2057,,2.692977183,,,,,
2058,,2.684757436,,,,,
2059,,2.705043948,,,,,
2060,,2.721005319,,,,,
2061,,2.731264536,,,,,
2062,,2.751099686,,,,,
2063,,2.761132281,,,,,
2064,,2.765004001,,,,,
2065,,2.776871505,,,,,
2066,,2.796940198,,,,,
2067,,2.790550366,,,,,
2068,,2.811075735,,,,,
2069,,2.817467017,,,,,
2070,,2.831376425,,,,,
2071,,2.829086138,,,,,
2072,,2.854191486,,,,,
2073,,2.863552696,,,,,
2074,,2.861939108,,,,,
2075,,2.874496961,,,,,
2076,,2.881111922,,,,,
2077,,2.878599447,,,,,
2078,,2.877653461,,,,,
2079,,2.887921725,,,,,
2080,,2.89134693,,,,,
2081,,2.897735217,,,,,
2082,,2.904129404,,,,,
2083,,2.915077478,,,,,
2084,,2.915077478,,,,,
2085,,2.927411897,,,,,
2086,,2.92534844,,,,,
2087,,2.938361398,,,,,
2088,,2.952053686,,,,,
2089,,2.922829068,,,,,
2090,,2.952053686,,,,,
2091,,2.962098505,,,,,
2092,,2.961870744,,,,,
2093,,2.975570654,,,,,
2094,,2.969401858,,,,,
2095,,2.982641021,,,,,
2096,,2.990401152,,,,,
2097,,3.009588496,,,,,
2098,,3.008432996,,,,,
2099,,3.021222821,,,,,
2100,,3.012311324,,,,,
2101,,3.038121342,,,,,
2102,,3.051599505,,,,,
2103,,3.051142388,,,,,
2104,,3.064621316,,,,,
2105,,3.060266793,,,,,
2106,,3.082432048,,,,,
2107,,3.089062432,,,,,
2108,,3.100703368,,,,,
2109,,3.103674879,,,,,
2110,,3.126074699,,,,,
2111,,3.110986291,,,,,
2112,,3.114867265,,,,,
2113,,3.108245135,,,,,
2114,,3.124011811,,,,,
2115,,3.108245135,,,,,
2116,,3.121270162,,,,,
2117,,3.109155105,,,,,
2118,,3.106184269,,,,,
2119,,3.112356643,,,,,
2120,,3.10183402,,,,,
2121,,3.116917712,,,,,
2122,,3.116917712,,,,,
2123,,3.110285187,,,,,
2124,,3.123090255,,,,,
2125,,3.119888716,,,,,
2126,,3.126971888,,,,,
2127,,3.117828509,,,,,
2128,,3.117828509,,,,,
2129,,3.142289535,,,,,
2130,,3.139767767,,,,,
2131,,3.149143066,,,,,
2132,,3.139537905,,,,,
2133,,3.15234515,,,,,
2134,,3.156907437,,,,,
2135,,3.160109521,,,,,
2136,,3.158289012,,,,,
2137,,3.176110346,,,,,
2138,,3.158048848,,,,,
2139,,3.18205522,,,,,
2140,,3.176110346,,,,,
2141,,3.176110346,,,,,
2142,,3.180903854,,,,,
2143,,3.203311971,,,,,
2144,,3.206965247,,,,,
2145,,3.213140914,,,,,
2146,,3.22204987,,,,,
2147,,3.231879696,,,,,
2148,,3.241489758,,,,,
2149,,3.254975023,,,,,
2150,,3.249258974,,,,,
2151,,3.274648724,,,,,
2152,,3.289509124,,,,,
2153,,3.307814003,,,,,
2154,,3.319942437,,,,,
2155,,3.327944573,,,,,
2156,,3.327714297,,,,,
2157,,3.340304683,,,,,
2158,,3.337560622,,,,,
2159,,3.346254948,,,,,
2160,,3.357233222,,,,,
2161,,3.357003075,,,,,
2162,,3.360208605,,,,,
2163,,3.36341432,,,,,
2164,,3.366841053,,,,,
2165,,3.369816943,,,,,
2166,,3.273067241,,,,,
2167,,3.24859079,,,,,
2168,,3.180217253,,,,,
2169,,3.112798168,,,,,
2170,,3.072356096,,,,,
2171,,3.047229531,,,,,
2172,,3.043348778,,,,,
2173,,3.028507755,,,,,
2174,,3.01502871,,,,,
2175,,3.023037872,,,,,
2176,,3.01229787,,,,,
2177,,3.025097132,,,,,
2178,,3.014587912,,,,,
2179,,3.017557567,,,,,
2180,,3.017557567,,,,,
2181,,3.031036275,,,,,
2182,,3.024866532,,,,,
2183,,3.040176363,,,,,
2184,,3.046116856,,,,,
2185,,3.035837509,,,,,
2186,,3.036976093,,,,,
2187,,3.07306823,,,,,
2188,,3.065309148,,,,,
2189,,3.055707799,,,,,
2190,,3.069638153,,,,,
2191,,3.098665961,,,,,
2192,,3.102546054,,,,,
2193,,3.117389188,,,,,
2194,,3.115327648,,,,,
2195,,3.133616972,,,,,
2196,,3.157609424,,,,,
2197,,3.161491278,,,,,
2198,,3.170408335,,,,,
2199,,3.190523325,,,,,
2200,,3.207218167,,,,,
2201,,3.209731226,,,,,
2202,,3.227786619,,,,,
2203,,3.228016791,,,,,
2204,,3.224813257,,,,,
2205,,3.246768689,,,,,
2206,,3.249972405,,,,,
2207,,3.259584645,,,,,
2208,,3.2673521,,,,,
2209,,3.276045672,,,,,
2210,,2.812144861,,,,,
2211,,1.45800131,,,,,
2212,,1.697444065,,,,,
2213,,1.862282205,,,,,
2214,,1.915460939,,,,,
2215,,1.396938134,,,,,
2216,,1.605667695,,,,,
2217,,1.755985842,,,,,
2218,,1.877006551,,,,,
2219,,1.960011671,,,,,
2220,,2.023301083,,,,,
2221,,2.108948307,,,,,
2222,,2.159833044,,,,,
2223,,2.181849243,,,,,
2224,,2.25097177,,,,,
2225,,2.282781617,,,,,
2226,,2.30961634,,,,,
2227,,2.32164576,,,,,
2228,,2.365771921,,,,,
2229,,2.385343291,,,,,
2230,,2.416281691,,,,,
2231,,2.439726645,,,,,
2232,,2.454505104,,,,,
2233,,2.484556388,,,,,
2234,,2.482493382,,,,,
2235,,2.524632751,,,,,
2236,,2.537617867,,,,,
2237,,2.561526497,,,,,
2238,,2.564230156,,,,,
2239,,2.58930494,,,,,
2240,,2.610709777,,,,,
2241,,2.632566185,,,,,
2242,,2.627083431,,,,,
2243,,2.640530878,,,,,
2244,,2.692059687,,,,,
2245,,2.712795436,,,,,
2246,,2.739923853,,,,,
2247,,2.74972856,,,,,
2248,,2.744927079,,,,,
2249,,2.786221883,,,,,
2250,,2.799682211,,,,,
2251,,2.815654484,,,,,
2252,,2.833207746,,,,,
2253,,2.843017805,,,,,
2254,,2.855577794,,,,,
2255,,2.849183607,,,,,
2256,,2.873135386,,,,,
2257,,2.890923343,,,,,
2258,,2.880206232,,,,,
2259,,2.904390672,,,,,
2260,,2.885889527,,,,,
2261,,2.830204028,,,,,
2262,,2.779534259,,,,,
2263,,2.599013121,,,,,
2264,,2.479719212,,,,,
2265,,2.457434399,,,,,
2266,,2.440592469,,,,,
2267,,2.469967843,,,,,
2268,,2.494574623,,,,,
2269,,2.524632751,,,,,
2270,,2.527597183,,,,,
2271,,2.553122251,,,,,
2272,,2.564491603,,,,,
2273,,2.588857621,,,,,
2274,,2.595916517,,,,,
2275,,2.61232693,,,,,
2276,,2.623928205,,,,,
2277,,2.630306733,,,,,
2278,,2.65674693,,,,,
2279,,2.66493876,,,,,
2280,,2.677031032,,,,,
2281,,2.685443676,,,,,
2282,,2.696148939,,,,,
2283,,2.709146008,,,,,
2284,,2.725793448,,,,,
2285,,2.73218328,,,,,
2286,,2.749956618,,,,,
2287,,2.772316,,,,,
2288,,2.772316,,,,,
2289,,2.785062701,,,,,
2290,,2.81426583,,,,,
2291,,2.829300045,,,,,
2292,,2.820396133,,,,,
2293,,2.855321999,,,,,
2294,,2.87129878,,,,,
2295,,2.878818021,,,,,
2296,,2.909847021,,,,,
2297,,2.925609239,,,,,
2298,,2.92971341,,,,,
2299,,2.950477765,,,,,
2300,,2.966015122,,,,,
2301,,2.97286119,,,,,
2302,,2.986783535,,,,,
2303,,2.990660098,,,,,
2304,,3.000478051,,,,,
2305,,3.003448889,,,,,
2306,,3.02080284,,,,,
2307,,3.02651627,,,,,
2308,,3.030851561,,,,,
2309,,3.033593805,,,,,
2310,,3.031528958,,,,,
2311,,3.040442983,,,,,
2312,,3.051170658,,,,,
2313,,3.064650336,,,,,
2314,,3.072407655,,,,,
2315,,3.08155233,,,,,
2316,,3.091833491,,,,,
2317,,3.087954502,,,,,
2318,,3.094348378,,,,,
2319,,3.085889629,,,,,
2320,,3.073764773,,,,,
2321,,3.118562886,,,,,
2322,,3.121764425,,,,,
2323,,3.121764425,,,,,
2324,,3.121764425,,,,,
2325,,3.107351653,,,,,
2326,,3.132497245,,,,,
2327,,3.13592801,,,,,
2328,,3.129295707,,,,,
2329,,3.149863797,,,,,
2330,,3.131790399,,,,,
2331,,3.150085065,,,,,
2332,,3.159690769,,,,,
2333,,3.16974737,,,,,
2334,,3.180483509,,,,,
2335,,3.194652072,,,,,
2336,,3.214769811,,,,,
2337,,3.228032889,,,,,
2338,,3.228032889,,,,,
2339,,3.246089009,,,,,
2340,,3.26255885,,,,,
2341,,3.267122043,,,,,
2342,,3.288863805,,,,,
2343,,3.29595285,,,,,
2344,,3.309222526,,,,,
2345,,3.325917392,,,,,
2346,,3.314016863,,,,,
2347,,3.348576822,,,,,
2348,,3.358644129,,,,,
2349,,3.218721294,,,,,
2350,,3.204539226,,,,,
2351,,3.153323077,,,,,
2352,,3.134820157,,,,,
2353,,3.102608229,,,,,
2354,,3.076314615,,,,,
2355,,3.068551128,,,,,
2356,,3.063518946,,,,,
2357,,3.062604933,,,,,
2358,,3.0584885,,,,,
2359,,3.056662418,,,,,
2360,,3.037240225,,,,,
2361,,3.058717763,,,,,
2362,,3.05436893,,,,,
2363,,3.064185585,,,,,
2364,,3.064185585,,,,,
2365,,3.070123046,,,,,
2366,,3.070123046,,,,,
2367,,3.063040908,,,,,
2368,,3.069889762,,,,,
2369,,3.073092028,,,,,
2370,,3.08840506,,,,,
2371,,3.064164149,,,,,
2372,,3.085647469,,,,,
2373,,3.101194625,,,,,
2374,,3.102550396,,,,,
2375,,3.102550396,,,,,
2376,,3.118098771,,,,,
2377,,3.115806384,,,,,
2378,,3.124717881,,,,,
2379,,3.125164616,,,,,
2380,,3.131569688,,,,,
2381,,3.134772498,,,,,
2382,,3.1423033,,,,,
2383,,3.154651614,,,,,
2384,,3.153501583,,,,,
2385,,3.182761042,,,,,
2386,,3.186643558,,,,,
2387,,3.206992623,,,,,
2388,,3.223907319,,,,,
2389,,3.227577328,,,,,
2390,,3.224372523,,,,,
2391,,3.244260828,,,,,
2392,,3.26965081,,,,,
2393,,3.28498164,,,,,
2394,,3.29412752,,,,,
2395,,3.315174463,,,,,
2396,,3.306932044,,,,,
2397,,3.313790734,,,,,
2398,,3.344461581,,,,,
2399,,3.334163001,,,,,
2400,,3.34102287,,,,,
2401,,3.34879385,,,,,
2402,,3.355207272,,,,,
2403,,3.3673394,,,,,
2404,,3.3673394,,,,,
2405,,3.374200605,,,,,
2406,,3.374200605,,,,,
2407,,3.374879663,,,,,
2408,,3.371904278,,,,,
2409,,3.38129381,,,,,
2410,,3.384037924,,,,,
2411,,3.387013813,,,,,
2412,,3.397993721,,,,,
2413,,3.376238985,,,,,
2414,,3.382652407,,,,,
2415,,3.397993721,,,,,
2416,,3.394786557,,,,,
2417,,3.404856482,,,,,
2418,,3.409654486,,,,,
2419,,3.410809105,,,,,
2420,,3.418583169,,,,,
2421,,3.422239934,,,,,
2422,,3.410578505,,,,,
2423,,3.427974608,,,,,
2424,,3.434838705,,,,,
2425,,3.427974608,,,,,
2426,,3.444680261,,,,,
2427,,3.434159051,,,,,
2428,,3.417198327,,,,,
2429,,3.426358117,,,,,
2430,,3.452456086,,,,,
2431,,3.469856466,,,,,
2432,,3.476041958,,,,,
2433,,3.493894516,,,,,
2434,,3.494357284,,,,,
2435,,3.518398767,,,,,
2436,,3.528244095,,,,,
2437,,3.529620461,,,,,
2438,,3.555731808,,,,,
2439,,3.550928774,,,,,
2440,,3.568340637,,,,,
2441,,3.577956349,,,,,
2442,,3.58597063,,,,,
2443,,3.604539277,,,,,
2444,,3.610729527,,,,,
2445,,3.387713581,,,,,
2446,,3.349243292,,,,,
2447,,2.793466776,,,,,
2448,,2.449891151,,,,,
2449,,2.245086013,,,,,
2450,,2.183716658,,,,,
2451,,2.217577482,,,,,
2452,,2.255759081,,,,,
2453,,2.311483236,,,,,
2454,,2.343763913,,,,,
2455,,2.382875845,,,,,
2456,,2.406302522,,,,,
2457,,2.444791037,,,,,
2458,,2.487591862,,,,,
2459,,2.5183193,,,,,
2460,,2.535396251,,,,,
2461,,2.558403336,,,,,
2462,,2.575926371,,,,,
2463,,2.607357715,,,,,
2464,,2.627179191,,,,,
2465,,2.622364323,,,,,
2466,,2.66112704,,,,,
2467,,2.674350691,,,,,
2468,,2.684150289,,,,,
2469,,2.705111776,,,,,
2470,,2.715142557,,,,,
2471,,2.716947306,,,,,
2472,,2.741812719,,,,,
2473,,2.76301064,,,,,
2474,,2.766880594,,,,,
2475,,2.765490438,,,,,
2476,,2.775295145,,,,,
2477,,2.793301778,,,,,
2478,,2.834164324,,,,,
2479,,2.848978232,,,,,
2480,,2.866088245,,,,,
2481,,2.876802582,,,,,
2482,,2.896884238,,,,,
2483,,2.920397927,,,,,
2484,,2.937959484,,,,,
2485,,2.961248172,,,,,
2486,,2.970849523,,,,,
2487,,2.993681356,,,,,
2488,,3.014238013,,,,,
2489,,3.032755721,,,,,
2490,,3.065877125,,,,,
2491,,3.069753912,,,,,
2492,,3.068594121,,,,,
2493,,3.077508146,,,,,
2494,,3.08435727,,,,,
2495,,3.106991127,,,,,
2496,,3.121828986,,,,,
